Unit:  $/(BTU/yr) - dollars of capital cost for equipment per BTU consumed annually by that equipment,electricity if,hard coal if,natural gas if,biomass if,petroleum diesel if,heat if,crude oil if,heavy or residual fuel oil if,LPG propane or butane if,hydrogen if
boilers,5.6712E-05,1.49866E-05,1.59895E-05,1.49866E-05,9.436E-06,0,9.436E-06,9.436E-06,9.436E-06,2.39842E-05
nonboiler low temp,5.6712E-05,1.49866E-05,1.59895E-05,1.49866E-05,9.436E-06,0,9.436E-06,9.436E-06,9.436E-06,2.39842E-05
nonboiler med temp,3.47719E-05,3.17804E-05,3.17804E-05,3.17804E-05,3.17804E-05,0,3.17804E-05,3.17804E-05,3.17804E-05,3.17804E-05
nonboiler high temp,0.000172046,4.59518E-06,2.07252E-05,4.59518E-06,1.22308E-05,0,1.22308E-05,1.22308E-05,1.22308E-05,3.26578E-05
cooling,4.45204E-05,1.80882E-05,1.80882E-05,1.80882E-05,1.80882E-05,0,1.80882E-05,1.80882E-05,1.80882E-05,2.71322E-05
machine drive,0.000147335,7.07345E-05,7.07345E-05,7.07345E-05,7.07345E-05,0,7.07345E-05,7.07345E-05,7.07345E-05,7.07345E-05
electrochemical,4.45396E-05,0,0,0,0,0,0,0,0,0
other processes,7.04019E-06,2.08868E-05,2.22845E-05,2.08868E-05,1.31509E-05,0,1.31509E-05,1.31509E-05,1.31509E-05,3.34268E-05
