Unit: 2012 USD,GDP
2024,2.14437e+13
2025,2.18255e+13
2026,2.24025e+13
2027,2.28232e+13
2028,2.31147e+13
2029,2.34706e+13
2030,2.38816e+13
2031,2.42828e+13
2032,2.47388e+13
2033,2.52212e+13
2034,2.5734e+13
2035,2.62818e+13
2036,2.67444e+13
2037,2.72066e+13
2038,2.767e+13
2039,2.81253e+13
2040,2.85843e+13
2041,2.90294e+13
2042,2.94899e+13
2043,2.9964e+13
2044,3.04428e+13
2045,3.0925e+13
2046,3.13952e+13
2047,3.18463e+13
2048,3.22955e+13
2049,3.27343e+13
2050,3.31868e+13
