Fuel Economy (freight ton*miles/BTU),battery electric vehicle,natural gas vehicle,gasoline vehicle,diesel vehicle,plugin hybrid vehicle,LPG vehicle,hydrogen vehicle
LDVs,0.000132264,7.02049E-05,9.86779E-05,7.7747E-05,0.000175253,5.52706E-05,8.37989E-05
HDVs,0.00162834,0.000772635,0.000672067,0.000750593,0,0.00068755,0
aircraft,0.000543786,0.000169221,0.000169221,0.000169221,0,0,0.000507662
rail,0.010840496,0.00337345,0.00337345,0.00337345,0,0,0.01012035
ships,0.01561035,0.004857779,0.004857779,0.004857779,0,0,0.014573337
motorbikes,0,0,0,0,0,0,0
,,,,,,,
,,,,,,,
,,,,,,,
,,,,,,,
,,,,,,,
,,,,,,,
,,,,,,,
,,,,,,,
,,,,,,,
,,,,,,,
,,,,,,,
,,,,,,,
,,,,,,,
,,,,,,,
,,,,,,,
,,,,,,,
,,,,,,,
