Fuel Economy (freight ton*miles/BTU),battery electric vehicle,natural gas vehicle,gasoline vehicle,diesel vehicle,plugin hybrid vehicle,LPG vehicle,hydrogen vehicle
LDVs,0.0001951,8.282e-05,9.206e-05,9.88e-05,0.0001607,7.87e-05,8.359e-05
HDVs,0.0009903,0.0007598,0.0007183,0.0007041,0.0003778,0.0008833,0.0007558
aircraft,0.0001398,4.349e-05,4.349e-05,4.349e-05,0.0,0.0,0.0001305
rail,0.01121,0.003489,0.003489,0.003489,0.0,0.0,0.01047
ships,0.01556,0.004842,0.004842,0.004842,0.0,0.0,0.01453
motorbikes,0.0,0.0,0.0,0.0,0.0,0.0,0.0
