Fuel Economy (freight ton*miles/BTU),battery electric vehicle,natural gas vehicle,gasoline vehicle,diesel vehicle,plugin hybrid vehicle,LPG vehicle,hydrogen vehicle
LDVs,0.0001015,6.675e-05,9.622e-05,6.845e-05,0.0002133,4.05e-05,0.00208
HDVs,0.002228,0.000491,0.006528,0.0006934,0.00134,0.002772,0.002519
aircraft,0.0001398,4.349e-05,4.349e-05,4.349e-05,0.0,0.0,0.0001305
rail,0.01121,0.003489,0.003489,0.003489,0.0,0.0,0.01047
ships,0.01556,0.004842,0.004842,0.004842,0.0,0.0,0.01453
motorbikes,0.0,0.0,0.0,0.0,0.0,0.0,0.0
