Fuel Economy (passenger*miles/BTU),battery electric vehicle,natural gas vehicle,gasoline vehicle,diesel vehicle,plugin hybrid vehicle,LPG vehicle,hydrogen vehicle
LDVs,0.001302,0.0003303,0.000319,0.0003859,0.0006395,0.0002829,0.0005851
HDVs,0.0034,0.002823,0.0009156,0.001058,0.002346,0.003076,0.003174
aircraft,0.001648,0.0005127,0.0005127,0.0005127,0.0,0.0,0.001538
rail,0.0007569,7.175e-05,7.175e-05,7.175e-05,0.0,0.0,0.0002152
ships,4.047e-05,0.0,1.259e-05,1.259e-05,0.0,0.0,3.778e-05
motorbikes,0.004568,0.001435,0.001435,0.001435,0.003158,0.001112,0.004304
