Fuel Economy (freight ton*miles/BTU),battery electric vehicle,natural gas vehicle,gasoline vehicle,diesel vehicle,plugin hybrid vehicle,LPG vehicle,hydrogen vehicle
LDVs,0,7.02049E-05,9.29556E-05,0.000100879,0.000175253,0,0
HDVs,0.001421389,0.00079459,0.000755027,0.000729051,0,0.000803349,0
aircraft,0.00034437,0.000107164,0.000107164,0.000107164,0,0,0.000321493
rail,0.010829066,0.003369893,0.003369893,0.003369893,0,0,0.010109679
ships,0.015549895,0.004838966,0.004838966,0.004838966,0,0,0.014516898
motorbikes,0,0,0,0,0,0,0
,,,,,,,
,,,,,,,
,,,,,,,
,,,,,,,
,,,,,,,
,,,,,,,
,,,,,,,
,,,,,,,
,,,,,,,
,,,,,,,
,,,,,,,
,,,,,,,
,,,,,,,
,,,,,,,
,,,,,,,
,,,,,,,
,,,,,,,
