Share that is New (dimensionless),battery electric vehicle,natural gas vehicle,gasoline vehicle,diesel vehicle,plugin hybrid vehicle,LPG vehicle,hydrogen vehicle
LDVs,0.065,0.065,0.065,0.065,0.065,0.065,0.065
HDVs,0.09,0.09,0.09,0.09,0.09,0.09,0.09
aircraft,0.0416,0.0416,0.0416,0.0416,0.0416,0.0416,0.0416
rail,0.029,0.029,0.029,0.029,0.029,0.029,0.029
ships,0.02982,0.02982,0.02982,0.02982,0.02982,0.02982,0.02982
motorbikes,0.0587,0.0587,0.068,0.0587,0.0587,0.0587,0.0587
