Unit: dimensionless (MW-peak/MW-avg),summer,winter
LDVs,1.891748109,1.93664863
HDVs,0.840623966,0.839545138
aircraft,0.84008379,0.846335819
rail,0.84008379,0.846335819
ships,0.84008379,0.846335819
motorbikes,1.891748109,1.93664863
