Unit: dimensionless (ratio of electricity demand in this hour to annual demand),Hour0,Hour1,Hour2,Hour3,Hour4,Hour5,Hour6,Hour7,Hour8,Hour9,Hour10,Hour11,Hour12,Hour13,Hour14,Hour15,Hour16,Hour17,Hour18,Hour19,Hour20,Hour21,Hour22,Hour23
Winter,0.00030442,0.00034887,0.00038589,0.00041665,0.00044875,0.00045699,0.00046455,0.00034593,0.00030279,0.0002797,0.00028877,0.00021902,0.00019418,0.00017728,0.00016388,0.00016272,0.00015978,0.00018075,0.00014452,0.00014625,0.00015313,0.00017407,0.00020795,0.00024757
Spring,6.0305e-05,6.1552e-05,6.4855e-05,6.8955e-05,7.4151e-05,7.7968e-05,8.3391e-05,6.2162e-05,5.9339e-05,6.2369e-05,7.5011e-05,7.4035e-05,8.1031e-05,9.0995e-05,0.00010184,0.0001097,0.00011637,0.00012311,0.00011429,0.00010424,9.329e-05,8.1609e-05,7.106e-05,6.4295e-05
Summer,0.0,0.0,0.0,0.0,0.0,0.0,0.0,0.0,0.0,0.0,0.0,0.0,0.0,0.0,0.0,0.0,0.0,0.0,0.0,0.0,0.0,0.0,0.0,0.0
Fall,2.5738e-05,2.3767e-05,2.2756e-05,2.2666e-05,2.3138e-05,2.39e-05,2.5617e-05,2.2908e-05,2.3693e-05,2.6797e-05,3.3727e-05,3.6197e-05,4.1146e-05,4.6251e-05,5.0868e-05,5.4196e-05,5.694e-05,5.958e-05,5.5859e-05,5.0322e-05,4.4471e-05,3.9373e-05,3.3936e-05,2.9694e-05
Summer Peak,0.0,0.0,0.0,0.0,0.0,0.0,0.0,0.0,0.0,0.0,0.0,0.0,0.0,0.0,0.0,0.0,0.0,0.0,0.0,0.0,0.0,0.0,0.0,0.0
Winter Peak,0.00063474,0.00068333,0.00072118,0.00075782,0.00079895,0.00080882,0.0007457,0.00060472,0.00056716,0.00055119,0.00056131,0.00045846,0.00041354,0.00037962,0.00034521,0.0003364,0.00033379,0.0003873,0.00033189,0.00034396,0.00036586,0.00041612,0.00048181,0.00055017
