Unit: dimensionless (ratio of electricity demand in this hour to annual demand),Hour0,Hour1,Hour2,Hour3,Hour4,Hour5,Hour6,Hour7,Hour8,Hour9,Hour10,Hour11,Hour12,Hour13,Hour14,Hour15,Hour16,Hour17,Hour18,Hour19,Hour20,Hour21,Hour22,Hour23
Winter,9.8615e-05,9.996e-05,0.00010219,0.00010736,0.00011411,0.00018648,0.00038061,0.00043561,0.00033605,0.00024569,0.00019769,0.00018357,0.00020601,0.00020631,0.00021046,0.00021734,0.00023502,0.000252,0.00021872,0.00022358,0.00024296,0.00013159,0.00010085,0.00010267
Spring,6.9825e-05,6.0403e-05,5.5102e-05,5.1944e-05,4.9679e-05,6.4515e-05,9.9515e-05,0.00013179,0.00012873,0.00013457,0.00015301,0.00017387,0.00019724,0.00021641,0.00023301,0.00024026,0.00024412,0.00023588,0.00020828,0.00019096,0.00017621,0.00012764,0.0001022,8.6452e-05
Summer,0.0,0.0,0.0,0.0,0.0,0.0,0.0,0.0,0.0,0.0,0.0,0.0,0.0,0.0,0.0,0.0,0.0,0.0,0.0,0.0,0.0,0.0,0.0,0.0
Fall,3.909e-05,3.3685e-05,2.998e-05,2.7491e-05,2.5755e-05,2.8866e-05,3.8008e-05,5.1751e-05,5.7835e-05,6.7001e-05,8.0174e-05,9.1703e-05,0.00010355,0.00011298,0.00011955,0.00012167,0.00012157,0.00011587,0.00010169,9.1336e-05,8.1723e-05,6.4506e-05,5.3604e-05,4.6124e-05
Summer Peak,0.0,0.0,0.0,0.0,0.0,0.0,0.0,0.0,0.0,0.0,0.0,0.0,0.0,0.0,0.0,0.0,0.0,0.0,0.0,0.0,0.0,0.0,0.0,0.0
Winter Peak,0.0001663,0.00017341,0.00018239,0.00019409,0.00021472,0.0003814,0.0011953,0.0010853,0.00067464,0.00045916,0.0003483,0.00030037,0.00032089,0.0003082,0.00030759,0.00032597,0.00036926,0.00041304,0.00040316,0.0004449,0.00048373,0.00021937,0.00014638,0.00015999
