Unit: dimensionless (ratio of electricity demand in this hour to annual demand),Hour0,Hour1,Hour2,Hour3,Hour4,Hour5,Hour6,Hour7,Hour8,Hour9,Hour10,Hour11,Hour12,Hour13,Hour14,Hour15,Hour16,Hour17,Hour18,Hour19,Hour20,Hour21,Hour22,Hour23
Winter,0.0,0.0,0.0,0.0,0.0,0.0,0.0,0.0,0.0,0.0,0.0,0.0,0.0,0.0,0.0,0.0,0.0,0.0,0.0,0.0,0.0,0.0,0.0,0.0
Spring,4.4808e-05,4.5735e-05,4.8189e-05,5.1235e-05,5.5096e-05,5.7931e-05,6.1961e-05,4.6187e-05,4.409e-05,4.6341e-05,5.5734e-05,5.501e-05,6.0208e-05,6.7611e-05,7.5669e-05,8.1512e-05,8.6465e-05,9.1471e-05,8.492e-05,7.7452e-05,6.9316e-05,6.0637e-05,5.2799e-05,4.7772e-05
Summer,0.00021664,0.00017962,0.00015355,0.00013341,0.00011792,0.00011273,0.00011898,0.00015366,0.00018689,0.00022605,0.000292,0.00032858,0.00037434,0.00041886,0.00046212,0.00049798,0.00053286,0.00056574,0.00053943,0.00049182,0.00043415,0.00037887,0.00031874,0.00026703
Fall,8.4408e-05,7.7943e-05,7.4628e-05,7.4333e-05,7.5879e-05,7.838e-05,8.401e-05,7.5127e-05,7.7699e-05,8.7878e-05,0.00011061,0.0001187,0.00013494,0.00015168,0.00016682,0.00017773,0.00018673,0.00019539,0.00018319,0.00016503,0.00014584,0.00012912,0.00011129,9.738e-05
Summer Peak,0.00029343,0.00024901,0.0002148,0.00018695,0.0001651,0.00015664,0.00016621,0.00020259,0.0002502,0.00030108,0.00038539,0.0004235,0.00047641,0.00052735,0.00057725,0.00062096,0.00066392,0.00070715,0.00067552,0.00061587,0.00054476,0.00048092,0.00041094,0.00035412
Winter Peak,0.0,0.0,0.0,0.0,0.0,0.0,0.0,0.0,0.0,0.0,0.0,0.0,0.0,0.0,0.0,0.0,0.0,0.0,0.0,0.0,0.0,0.0,0.0,0.0
