Unit: dimensionless (ratio of electricity demand in this hour to annual demand),Hour0,Hour1,Hour2,Hour3,Hour4,Hour5,Hour6,Hour7,Hour8,Hour9,Hour10,Hour11,Hour12,Hour13,Hour14,Hour15,Hour16,Hour17,Hour18,Hour19,Hour20,Hour21,Hour22,Hour23
Winter,0.0,0.0,0.0,0.0,0.0,0.0,0.0,0.0,0.0,0.0,0.0,0.0,0.0,0.0,0.0,0.0,0.0,0.0,0.0,0.0,0.0,0.0,0.0,0.0
Spring,2.6782e-05,2.3168e-05,2.1135e-05,1.9923e-05,1.9055e-05,2.4745e-05,3.817e-05,5.0551e-05,4.9374e-05,5.1616e-05,5.869e-05,6.6688e-05,7.5653e-05,8.3008e-05,8.9373e-05,9.2156e-05,9.3636e-05,9.0474e-05,7.9889e-05,7.3245e-05,6.7588e-05,4.8957e-05,3.9199e-05,3.3159e-05
Summer,0.00018467,0.00015751,0.00013899,0.00012482,0.00011356,0.00011661,0.00014367,0.0001991,0.00024994,0.00030173,0.00036498,0.00040996,0.00045329,0.00049152,0.00052113,0.00053693,0.00054444,0.00053094,0.00047108,0.00042432,0.00037635,0.00030671,0.00025682,0.00021988
Fall,6.6177e-05,5.7025e-05,5.0754e-05,4.6539e-05,4.3601e-05,4.8868e-05,6.4344e-05,8.7609e-05,9.791e-05,0.00011343,0.00013573,0.00015525,0.0001753,0.00019127,0.00020239,0.00020598,0.0002058,0.00019615,0.00017215,0.00015462,0.00013835,0.0001092,9.0747e-05,7.8084e-05
Summer Peak,0.00024899,0.00021632,0.00019012,0.00017125,0.00015514,0.00015753,0.00019849,0.00027175,0.00034547,0.00041242,0.00049448,0.0005485,0.00060127,0.00064557,0.00067975,0.00069898,0.00071015,0.00069888,0.00061854,0.00055906,0.00049753,0.00039964,0.00033707,0.00029673
Winter Peak,0.0,0.0,0.0,0.0,0.0,0.0,0.0,0.0,0.0,0.0,0.0,0.0,0.0,0.0,0.0,0.0,0.0,0.0,0.0,0.0,0.0,0.0,0.0,0.0
