Electricity Source,Max Growth Rate
coal,0.006654683
natural gas,0.164504002
nuclear,0.004593407
hydro,0.010095572
wind,0.505181972
solar PV,0.5421875
solar thermal,0.5421875
biomass,0.054314565
