Unit: dimensionless (ratio of electricity demand in this hour to annual demand),Hour0,Hour1,Hour2,Hour3,Hour4,Hour5,Hour6,Hour7,Hour8,Hour9,Hour10,Hour11,Hour12,Hour13,Hour14,Hour15,Hour16,Hour17,Hour18,Hour19,Hour20,Hour21,Hour22,Hour23
Winter,0.014533413,0.012447949,0.012447949,0.012447949,0.012447949,0.012447949,0.012447949,0.012447949,0.012447949,0.012447949,0.012447949,0.014805711,0.015199032,0.014444807,0.013926143,0.015199032,0.015199032,0.041108487,0.16349819,0.139823315,0.080624241,0.044868805,0.012521426,0.012521426
Spring,0.038048366,0.038048366,0.038048366,0.038048366,0.038048366,0.033401996,0.033401996,0.033401996,0.033401996,0.033401996,0.033401996,0.041886484,0.042400826,0.047293562,0.057130899,0.056629523,0.055514394,0.050833447,0.0567808,0.09320834,0.121566324,0.09320834,0.02037055,0.02037055
Summer,0.102527013,0.097623472,0.096249011,0.096249011,0.096249011,0.094872389,0.094872389,0.094872389,0.094872389,0.094872389,0.09624685,0.139622333,0.237338732,0.40530176,0.551400916,0.684797113,0.884817931,0.95,0.95,0.925193805,0.663646405,0.352184027,0.136966338,0.112679871
Fall,0.006677806,0.004127705,0.004127705,0.004127705,0.004127705,0.004127705,0.004127705,0.004127705,0.004127705,0.004127705,0.004127705,0.004127705,0.004127705,0.006876627,0.006876627,0.006876627,0.006876627,0.006876627,0.110574958,0.143000136,0.086889277,0.006876627,0.006876627,0.006876627
Summer Peak,0.102263358,0.102263358,0.102263358,0.102263358,0.102263358,0.099510114,0.099510114,0.099510114,0.099510114,0.099510114,0.099510114,0.18626108,0.381693879,0.717498912,0.95,0.95,0.95,0.95,0.95,0.95,0.95,0.510188696,0.179937695,0.134450815
Winter Peak,0.022389019,0.020768193,0.020768193,0.020768193,0.020768193,0.020768193,0.020768193,0.020768193,0.020768193,0.020768193,0.020768193,0.023521437,0.023521437,0.022012987,0.020975658,0.023521437,0.023521437,0.075340346,0.276513032,0.229163282,0.124851199,0.053340326,0.018166225,0.018166225
