Unit: dimensionless (ratio of electricity demand in this hour to annual demand),Hour0,Hour1,Hour2,Hour3,Hour4,Hour5,Hour6,Hour7,Hour8,Hour9,Hour10,Hour11,Hour12,Hour13,Hour14,Hour15,Hour16,Hour17,Hour18,Hour19,Hour20,Hour21,Hour22,Hour23
Winter,0.732651037,0.738917944,0.739044184,0.743733093,0.753101894,0.758863841,0.76220018,0.761379621,0.751740307,0.711505861,0.694743012,0.684770063,0.678025248,0.670856628,0.658025248,0.671884581,0.680441839,0.669657349,0.657718665,0.640604148,0.598764653,0.574418395,0.531064022,0.509296664
Spring,0.199819657,0.249648332,0.263516682,0.251145176,0.225825068,0.237601443,0.237114518,0.214481515,0.192497746,0.181298467,0.197944094,0.200793508,0.20587917,0.237709648,0.274301172,0.287538323,0.284833183,0.263408476,0.282037872,0.29962128,0.254030658,0.272371506,0.297042381,0.262813345
Summer,0.232939585,0.219206492,0.201587015,0.170027051,0.161983769,0.169386835,0.15858431,0.139206492,0.129125338,0.183246168,0.090658251,0.083453562,0.075798016,0.068367899,0.071091073,0.106943192,0.072849414,0.059098287,0.07135257,0.057439134,0.043706041,0.029477006,0.023471596,0.027971145
Fall,0.073399459,0.066348061,0.070045086,0.061568981,0.063877367,0.059477006,0.059296664,0.04651037,0.039116321,0.036104599,0.036014427,0.053165014,0.055581605,0.044851217,0.069305681,0.10786294,0.074391344,0.057745717,0.036645627,0.033237151,0.034914337,0.029792606,0.028944995,0.035779982
Summer Peak,0.076284941,0.065320108,0.056844004,0.038142471,0.040504959,0.045843102,0.032858431,0.030225428,0.024346258,0.178268711,0.02908927,0.033381425,0.043841298,0.049215509,0.065193868,0.144544635,0.081803427,0.064382326,0.094066727,0.05852119,0.046889089,0.027195672,0.012732191,0.017962128
Winter Peak,0.797835888,0.797475203,0.796230839,0.794229035,0.795238954,0.796104599,0.798286745,0.797763751,0.779891794,0.729900812,0.710766456,0.693850316,0.704598738,0.696609558,0.693399459,0.697114518,0.698809739,0.686203787,0.662723174,0.634679892,0.594517583,0.553056808,0.500054103,0.454409378
