Unit: dimensionless (ratio of electricity demand in this hour to annual demand),Hour0,Hour1,Hour2,Hour3,Hour4,Hour5,Hour6,Hour7,Hour8,Hour9,Hour10,Hour11,Hour12,Hour13,Hour14,Hour15,Hour16,Hour17,Hour18,Hour19,Hour20,Hour21,Hour22,Hour23
Winter,0.019099535,0.016157977,0.016157977,0.016157977,0.016157977,0.016157977,0.016157977,0.016157977,0.016157977,0.016157977,0.016157977,0.016157977,0.016227801,0.019692143,0.020802165,0.021917557,0.026302143,0.03324694,0.036270854,0.048704887,0.035470564,0.035389998,0.033941599,0.026649472
Spring,0.15817093,0.15817093,0.15817093,0.15817093,0.15817093,0.15817093,0.15817093,0.15817093,0.159567409,0.159567409,0.159567409,0.159567409,0.159567409,0.177803991,0.181481386,0.194787323,0.209171056,0.236019258,0.384124798,0.457944821,0.398472723,0.289461431,0.140518004,0.120057798
Summer,0.122107757,0.11671162,0.114649128,0.113678754,0.113250859,0.110968153,0.110968153,0.110968153,0.110968153,0.110968153,0.114038616,0.120947606,0.144308191,0.170032049,0.210284658,0.230026931,0.302710077,0.395246499,0.461901511,0.472901468,0.385107704,0.238015507,0.140108012,0.124037763
Fall,0.010022422,0.009932904,0.009932904,0.009932904,0.009932904,0.009932904,0.009932904,0.024298733,0.009932904,0.009932904,0.009932904,0.009932904,0.009932904,0.009932904,0.009932904,0.013993435,0.021355385,0.035062363,0.055740993,0.054462677,0.038707531,0.035402531,0.025158105,0.024295152
Summer Peak,0.180124295,0.175838178,0.175838178,0.175838178,0.175838178,0.175838178,0.175838178,0.175838178,0.175838178,0.175838178,0.181979105,0.195797085,0.238844442,0.283850451,0.357645409,0.387701932,0.431358011,0.503677715,0.57790952,0.629056455,0.571707722,0.357516503,0.176661743,0.165207035
Winter Peak,0.023342682,0.023342682,0.023342682,0.023342682,0.023342682,0.023342682,0.023342682,0.023342682,0.023342682,0.023342682,0.023342682,0.023342682,0.02348233,0.030411014,0.032631057,0.034861843,0.038034356,0.03940577,0.041461101,0.041332195,0.039860521,0.039860521,0.036322774,0.027557184
