Unit: dimensionless (ratio of electricity demand in this hour to annual demand),Hour0,Hour1,Hour2,Hour3,Hour4,Hour5,Hour6,Hour7,Hour8,Hour9,Hour10,Hour11,Hour12,Hour13,Hour14,Hour15,Hour16,Hour17,Hour18,Hour19,Hour20,Hour21,Hour22,Hour23
Winter,0.315883675,0.28157679,0.249247464,0.234378227,0.21500316,0.211824047,0.246681644,0.30623369,0.346848736,0.359239766,0.369640723,0.352418441,0.314894895,0.271013123,0.252226318,0.24653145,0.270011828,0.312178881,0.33256776,0.351705018,0.353319607,0.342931167,0.320076599,0.303329933
Spring,0.415262246,0.38000413,0.345522019,0.334219897,0.327686444,0.323243196,0.356110718,0.396963572,0.42632656,0.451083589,0.446302404,0.412759007,0.38151859,0.356448655,0.349752492,0.344921242,0.343707171,0.362644171,0.401181529,0.424874682,0.445826788,0.446878149,0.450169907,0.421044727
Summer,0.356135751,0.298648877,0.251375217,0.224640629,0.204401945,0.189207287,0.191022135,0.208982872,0.225141277,0.248934559,0.261863786,0.277521543,0.313405468,0.371142666,0.412145714,0.458030076,0.489671012,0.504014569,0.503676632,0.474213514,0.448054671,0.42034382,0.410493576,0.367425357
Fall,0.29275375,0.260624683,0.224728242,0.18288661,0.168793376,0.17276101,0.185740302,0.204151621,0.214852966,0.219909508,0.221749388,0.229209039,0.24521725,0.266895296,0.311302748,0.393246262,0.45282334,0.498494928,0.514715914,0.512150094,0.47501455,0.438942882,0.400030039,0.369277753
Summer Peak,0.389153467,0.342205228,0.287234109,0.249009656,0.231862472,0.224139981,0.223276364,0.239522382,0.258509447,0.278510323,0.292628588,0.351967858,0.400993786,0.469945492,0.534629176,0.573504471,0.6101644,0.6379128,0.637825186,0.603806174,0.560512663,0.509384016,0.475164744,0.427503082
Winter Peak,0.396037373,0.353557415,0.328049414,0.308636799,0.297322161,0.308348926,0.350766304,0.428754701,0.467479802,0.47176034,0.439431014,0.413597592,0.379878968,0.35465884,0.336209972,0.325220754,0.326409793,0.350703723,0.365723154,0.37648708,0.389879406,0.405061548,0.394447817,0.36856433
