Unit: dimensionless (ratio of electricity demand in this hour to annual demand),Hour0,Hour1,Hour2,Hour3,Hour4,Hour5,Hour6,Hour7,Hour8,Hour9,Hour10,Hour11,Hour12,Hour13,Hour14,Hour15,Hour16,Hour17,Hour18,Hour19,Hour20,Hour21,Hour22,Hour23
Winter,0.935142182,0.940300001,0.940554331,0.940900221,0.940971433,0.940859528,0.941144378,0.94096126,0.94064589,0.94070693,0.939435278,0.940177922,0.939974458,0.939384412,0.939201294,0.938885924,0.939364065,0.939516664,0.939933765,0.939943939,0.940055844,0.940635717,0.939130081,0.938468823
Spring,0.938560381,0.939069042,0.940004978,0.940717103,0.94099178,0.941083339,0.941632692,0.940717103,0.939425105,0.938285705,0.937675312,0.936830935,0.936098464,0.936006905,0.937400635,0.937471848,0.936953014,0.937766871,0.937654965,0.937787217,0.938468823,0.938183973,0.937756698,0.934613174
Summer,0.960941452,0.961673924,0.961948601,0.959802052,0.958499881,0.958296417,0.959354431,0.959334085,0.959354431,0.959100101,0.958194685,0.958286243,0.957950527,0.956231254,0.955569995,0.955071508,0.954389903,0.95488839,0.956231254,0.957329961,0.957624985,0.95802174,0.95859144,0.958550747
Fall,0.860358885,0.862769937,0.864580769,0.866574719,0.867358056,0.86907733,0.870898335,0.871986869,0.872129294,0.872078428,0.871712192,0.871213704,0.871722365,0.871976696,0.87271934,0.872414144,0.873156788,0.872983844,0.872668474,0.869036637,0.866208483,0.866127097,0.866747663,0.867073206
Summer Peak,0.930045401,0.928814442,0.92877375,0.928875482,0.929384142,0.929730032,0.930431983,0.930442157,0.932171603,0.931449305,0.930971164,0.930299732,0.929129812,0.928468553,0.92934345,0.929821591,0.929872457,0.929902976,0.930849085,0.931886753,0.933087192,0.933483948,0.934236765,0.935823787
Winter Peak,0.958723692,0.962375876,0.961195783,0.96004621,0.960168288,0.961246649,0.961592538,0.961389074,0.961277168,0.961063531,0.960921106,0.960910933,0.96083972,0.96055487,0.960656602,0.960147942,0.960076729,0.960432792,0.96030054,0.95998517,0.959995343,0.959832572,0.959059408,0.958866117
