Unit: dimensionless (ratio of electricity demand in this hour to annual demand),Hour0,Hour1,Hour2,Hour3,Hour4,Hour5,Hour6,Hour7,Hour8,Hour9,Hour10,Hour11,Hour12,Hour13,Hour14,Hour15,Hour16,Hour17,Hour18,Hour19,Hour20,Hour21,Hour22,Hour23
Winter,0.950318699,0.955560225,0.955818683,0.956170186,0.956242554,0.956128833,0.956418306,0.956232216,0.955911728,0.955973758,0.954681468,0.955436166,0.955229399,0.954629777,0.954443687,0.954123199,0.9546091,0.954764175,0.955188046,0.955198384,0.955312106,0.95590139,0.954371319,0.953699328
Spring,0.961556449,0.953792373,0.954309289,0.955260414,0.955984096,0.956263231,0.956356276,0.956914545,0.955984096,0.95467113,0.953513239,0.95289294,0.95203486,0.951290501,0.951197456,0.952613805,0.952686173,0.952158919,0.952985985,0.952872263,0.953006661,0.953699328,0.953409856,0.952975646
Summer,0.976733097,0.976536669,0.977281028,0.977560162,0.975378777,0.974055473,0.973848707,0.974923892,0.974903215,0.974923892,0.974665434,0.973745324,0.973838368,0.973497204,0.971750028,0.971078038,0.97057146,0.969878793,0.970385371,0.971750028,0.972866567,0.973166378,0.973569572,0.974148518
Fall,0.874321737,0.876771918,0.878612138,0.880638448,0.881434498,0.883181674,0.885032232,0.886138432,0.886283169,0.886231477,0.885859298,0.88535272,0.885869636,0.886128094,0.886882791,0.886572642,0.887327339,0.887151587,0.886831099,0.883140321,0.880266269,0.880183562,0.880814199,0.881145026
Summer Peak,0.947010438,0.945139203,0.943888266,0.943846913,0.943950296,0.944467212,0.944818715,0.945532059,0.945542397,0.947299911,0.94656589,0.946079989,0.945397661,0.944208754,0.943536764,0.944425859,0.94491176,0.944963451,0.944994466,0.94595593,0.947010438,0.948230359,0.948633554,0.949398589
Winter Peak,0.974282916,0.977994371,0.976795127,0.975626897,0.975750957,0.976846818,0.977198321,0.976991555,0.976877833,0.976660729,0.976515992,0.976505654,0.976433286,0.976143813,0.976247196,0.97573028,0.975657912,0.976019753,0.975885355,0.975564867,0.975575205,0.975409792,0.97462408,0.974427652
