Unit: dimensionless (ratio of electricity demand in this hour to annual demand),Hour0,Hour1,Hour2,Hour3,Hour4,Hour5,Hour6,Hour7,Hour8,Hour9,Hour10,Hour11,Hour12,Hour13,Hour14,Hour15,Hour16,Hour17,Hour18,Hour19,Hour20,Hour21,Hour22,Hour23
Winter,0.087295978,0.049713371,0.005619829,0,0,0,0,0.004618146,0.030503616,0.034662116,0,0,0,0,0,0,8.88939E-05,0.048898149,0.27814034,0.326613533,0.189781971,0.149632283,0.127547569,0.123302343
Spring,0.167593187,0.140049087,0.000741505,0,0.001036373,0,0.000143097,0,0,0,0,0,0.006660538,0.007731601,0.010827711,0.009392399,0.059402806,0.356282414,0.535800392,0.45200163,0.465643592,0.184183824,0.180003642,0.179825855
Summer,0.029155031,0,0,0,0,0,0,0,0,0,0,0,0.035739684,0.154957244,0.340840893,0.476618736,0.554622049,0.594214525,0.626415798,0.697897334,0.580858758,0.278771269,0.161810747,0.108192549
Fall,0.044126065,0.049962708,0,0,0.000476992,0.00213779,0.00961355,0.013338421,0.000676461,0.000329558,0,0,0,0,0,0,0.009236293,0.074068132,0.395907412,0.345177181,0.184868957,0.189591175,0.142494753,0.067351222
Summer Peak,0.058310062,0,0,0,0,0,0,0,0,0,0,0,0.071479368,0.282105875,0.486292994,0.58801797,0.634463948,0.63936829,0.664900352,0.767436213,0.657359548,0.29086084,0.152502905,0.14778936
Winter Peak,0.010250984,0,0,0,0,0,0,0.009236293,0.022115068,0.05810192,0,0,0,0,0,0,0,0.004895669,0.188164536,0.103832411,0.121702253,0.119260923,0.075152204,0.07801849
