Unit: dimensionless (ratio of electricity demand in this hour to annual demand),Hour0,Hour1,Hour2,Hour3,Hour4,Hour5,Hour6,Hour7,Hour8,Hour9,Hour10,Hour11,Hour12,Hour13,Hour14,Hour15,Hour16,Hour17,Hour18,Hour19,Hour20,Hour21,Hour22,Hour23
Winter,0.327012836,0.304719523,0.295682161,0.293691171,0.294164392,0.298717699,0.302041786,0.316376911,0.339010712,0.351729962,0.343789088,0.350575765,0.343777546,0.333072369,0.322136354,0.311119544,0.30564288,0.307535763,0.3226442,0.338831812,0.361246316,0.37047412,0.362752543,0.354390386
Spring,0.437180929,0.404574867,0.369695037,0.347828777,0.328022758,0.316590438,0.320670524,0.335963633,0.363318099,0.383505003,0.402733923,0.406161888,0.419515946,0.44099555,0.456069362,0.454205334,0.463335031,0.470144793,0.485212833,0.49070104,0.49322296,0.501585116,0.50676746,0.49287093
Summer,0.571944959,0.530070696,0.499115135,0.469804305,0.451527597,0.435270734,0.426406501,0.423226689,0.426423814,0.432350615,0.449392333,0.484272163,0.523093575,0.569682733,0.614136627,0.655664631,0.66579848,0.674697338,0.676434404,0.686400894,0.676676786,0.666485227,0.634410095,0.589517607
Fall,0.292992882,0.288254904,0.282645507,0.27351581,0.265107485,0.265170966,0.273717794,0.29801941,0.311206109,0.315638225,0.313416396,0.310848308,0.317842741,0.326429966,0.335975175,0.34093245,0.348555921,0.355486873,0.371126241,0.406646651,0.414985723,0.404569096,0.39831912,0.392790517
Summer Peak,0.620144222,0.579233713,0.557130842,0.522326035,0.504176288,0.504135891,0.512815452,0.534323911,0.558285039,0.573895552,0.592443496,0.623901132,0.672810226,0.714730657,0.764863199,0.78866851,0.808082102,0.815757512,0.814251285,0.806581646,0.805600579,0.798842756,0.793446886,0.763720544
Winter Peak,0.795166639,0.774194881,0.769814704,0.760835052,0.766086648,0.769710826,0.781350902,0.796690179,0.810961823,0.819664468,0.813010523,0.796845995,0.781368215,0.771869175,0.752651796,0.737127848,0.731535764,0.740238409,0.767085028,0.801203089,0.819906849,0.821597748,0.81809476,0.803598047
