Unit: dimensionless (ratio of electricity demand in this hour to annual demand),Hour0,Hour1,Hour2,Hour3,Hour4,Hour5,Hour6,Hour7,Hour8,Hour9,Hour10,Hour11,Hour12,Hour13,Hour14,Hour15,Hour16,Hour17,Hour18,Hour19,Hour20,Hour21,Hour22,Hour23
Winter,0.329395985,0.307932158,0.298194159,0.292784818,0.293591387,0.298748306,0.312463936,0.336945004,0.357272928,0.354308932,0.338416156,0.332827357,0.323239235,0.309770111,0.297854966,0.297135167,0.298259237,0.308360093,0.332324484,0.355951653,0.373343189,0.37744506,0.375435538,0.366450864
Spring,0.354452892,0.320778112,0.293617024,0.279337387,0.274576851,0.290167903,0.309296819,0.32595278,0.331042649,0.343715063,0.345639787,0.363368544,0.382369277,0.403338118,0.425393561,0.443737599,0.459310903,0.471366064,0.47894072,0.478826341,0.474178212,0.466134207,0.43398974,0.392507602
Summer,0.483580961,0.457835807,0.441039831,0.429852373,0.420406238,0.416907816,0.416073637,0.416333948,0.422587329,0.435944045,0.44911736,0.474373445,0.503074707,0.526325214,0.543539266,0.556541012,0.568327974,0.571487203,0.571950636,0.57143593,0.570467652,0.556203791,0.527254051,0.496545239
Fall,0.328626884,0.32441655,0.314410353,0.307525915,0.30690669,0.310087612,0.328583499,0.354147224,0.366906408,0.355819525,0.34272312,0.337597754,0.334446413,0.335211569,0.345434693,0.354788141,0.362796649,0.382325892,0.40429062,0.425223964,0.420605416,0.414531492,0.404268927,0.383706329
Summer Peak,0.519399363,0.488233035,0.469743064,0.455483148,0.452627615,0.45577304,0.470007319,0.480417788,0.493447143,0.512856091,0.538177253,0.580507375,0.615986583,0.643695902,0.662517178,0.672000781,0.676698212,0.685876147,0.688076959,0.687544504,0.687193479,0.669133416,0.630627106,0.582530701
Winter Peak,0.465027885,0.465187622,0.454627277,0.449947595,0.450371586,0.457078539,0.475353556,0.50748619,0.53299667,0.531056169,0.502023603,0.472945679,0.45103814,0.425080004,0.397390406,0.385747404,0.389443031,0.405195792,0.43959826,0.461671451,0.476355359,0.478583779,0.470241994,0.455380601
