pumped hydro,Hour0,Hour1,Hour2,Hour3,Hour4,Hour5,Hour6,Hour7,Hour8,Hour9,Hour10,Hour11,Hour12,Hour13,Hour14,Hour15,Hour16,Hour17,Hour18,Hour19,Hour20,Hour21,Hour22,Hour23
Winter,0.04860801128,0.03383224482,0.02625601908,0.01905498499,0.0262770685,0.04505876663,0.07069802357,0.06077813011,0.03589935449,0.02233478287,0.01292732895,0.01347283598,0.01459044625,0.01166237275,0.01235607905,0.01404109913,0.03822759071,0.1253095989,0.2677958778,0.2507626325,0.1452908293,0.0886592211,0.05632496944,0.0331869664
Spring,0.05267857869,0.03640447703,0.03221554837,0.02329789304,0.02124327632,0.03100703465,0.05408839186,0.0385892662,0.02966017462,0.02242207013,0.02158252774,0.01899395661,0.01648113717,0.01775640415,0.01855909243,0.02613361616,0.06242021739,0.1587627444,0.2470541896,0.1958267953,0.1083524861,0.06564000481,0.04513398997,0.04000875895
Summer,0.05147158157,0.03276095952,0.02220211732,0.01481934406,0.0117686478,0.02188076513,0.08126054649,0.08327239635,0.03242163608,0.02589427858,0.01978010478,0.02767567821,0.03898358048,0.04423040933,0.057310958,0.07494841788,0.1383860211,0.2445454948,0.3463174286,0.2889374904,0.1629522867,0.08686304331,0.05564311804,0.0400289337
Fall,0.06023520022,0.03835758935,0.0221265188,0.01644562242,0.01317277369,0.01202097802,0.007161590616,0.0101798054,0.0006594455313,0.003125100314,0.01812126128,0.0918754853,0.1862939265,0.2725891544,0.3411644623,0.373849137,0.3970366161,0.433790055,0.4802063099,0.4047089495,0.2611927453,0.1296781722,0.06881744872,0.05230311417
Summer Peak,0.08274952609,0.04957573497,0.03434975276,0.009430565617,0.006403115076,0.00922510753,0.005673955762,0.003928942262,0.00102216384,0.001993061747,0.02045707917,0.1231746863,0.2827765787,0.4154942213,0.4576190444,0.4667443806,0.481750708,0.5031353062,0.5256785145,0.4643652469,0.3444680312,0.1541235359,0.09854179968,0.0704539835
Winter Peak,0.02338598082,0.01604757794,0.003238666187,0.01023741254,0.001912574232,0.01906327675,0.1007322353,0.1367952561,0.08278206024,0.05122306715,0.03174899253,0.02644332334,0.02419586426,0.01060309638,0.01187886885,0.02184082559,0.1401219814,0.2957922499,0.349061932,0.2890997584,0.1673578366,0.08542686974,0.04825898919,0.005296559622
