Unit: dimensionless (ratio of electricity demand in this hour to annual demand),Hour0,Hour1,Hour2,Hour3,Hour4,Hour5,Hour6,Hour7,Hour8,Hour9,Hour10,Hour11,Hour12,Hour13,Hour14,Hour15,Hour16,Hour17,Hour18,Hour19,Hour20,Hour21,Hour22,Hour23
Winter,0.446831399,0.44441093,0.440969729,0.437766427,0.435477828,0.434933704,0.436620921,0.435982512,0.422722069,0.361009678,0.300209561,0.271293775,0.265954462,0.268665125,0.273218233,0.281853833,0.298592364,0.334909385,0.387154217,0.425779471,0.445889216,0.454010891,0.455596121,0.4536654
Spring,0.473069433,0.466620023,0.459419341,0.452151203,0.446770269,0.444850902,0.434253727,0.385824697,0.313569362,0.275529525,0.267227191,0.26840418,0.275464452,0.284289957,0.295338839,0.30550439,0.316659299,0.330246332,0.353846073,0.40233333,0.447042708,0.47023973,0.478131521,0.476772555
Summer,0.431425666,0.423703358,0.413362387,0.401107726,0.388240025,0.374902836,0.34464334,0.258578457,0.186222822,0.171611571,0.167361817,0.166640457,0.170243211,0.180519477,0.194854162,0.211156775,0.228648896,0.247158398,0.273355215,0.322020981,0.385774151,0.422345381,0.435782219,0.436059611
Fall,0.419109912,0.414465858,0.406779186,0.400001449,0.395643155,0.393646059,0.390636135,0.373749153,0.301704625,0.231627456,0.212286955,0.213302614,0.217462201,0.222335253,0.229109378,0.235870245,0.245591556,0.263426234,0.303018145,0.36085002,0.399839638,0.41861387,0.423999261,0.422085014
Summer Peak,0.481054879,0.471998469,0.463267429,0.448259888,0.435824226,0.426881379,0.39693246,0.286459842,0.187737733,0.16557516,0.152234101,0.14337873,0.146641977,0.160147886,0.174847263,0.191020962,0.212030697,0.23331829,0.267294759,0.325577957,0.393699075,0.426869501,0.4381561,0.434758087
Winter Peak,0.52450016,0.523255517,0.525066532,0.528052366,0.530627574,0.531738339,0.53350495,0.536214147,0.527001657,0.458531524,0.374666648,0.337891175,0.324466969,0.323294816,0.318948667,0.315248041,0.3319527,0.375834472,0.420786824,0.447996795,0.461659561,0.463905958,0.456665891,0.450537368
