Unit: dimensionless (ratio of electricity demand in this hour to annual demand),Hour0,Hour1,Hour2,Hour3,Hour4,Hour5,Hour6,Hour7,Hour8,Hour9,Hour10,Hour11,Hour12,Hour13,Hour14,Hour15,Hour16,Hour17,Hour18,Hour19,Hour20,Hour21,Hour22,Hour23
Winter,0.901708463,0.895125987,0.891760223,0.890868497,0.891936609,0.89429254,0.894465831,0.910071813,0.910071813,0.910071813,0.910071813,0.904517736,0.904517736,0.901357755,0.904079866,0.902024616,0.899733668,0.899733668,0.910071813,0.910071813,0.910071813,0.910071813,0.910071813,0.910071813
Spring,0.91180008,0.91180008,0.91180008,0.91180008,0.91180008,0.91180008,0.91180008,0.901456263,0.887405257,0.907138761,0.91180008,0.91180008,0.91180008,0.91180008,0.91180008,0.91180008,0.91180008,0.91180008,0.91180008,0.91180008,0.91180008,0.91180008,0.91180008,0.91180008
Summer,0.910071813,0.909965569,0.893728313,0.894416835,0.892596764,0.892596764,0.908376037,0.906907706,0.91180008,0.91180008,0.91180008,0.91180008,0.91180008,0.91180008,0.91180008,0.91180008,0.91180008,0.91180008,0.91180008,0.91180008,0.91180008,0.91180008,0.91180008,0.91180008
Fall,0.91180008,0.91180008,0.91180008,0.91180008,0.91180008,0.91180008,0.91180008,0.91180008,0.91180008,0.897749075,0.897749075,0.897749075,0.897749075,0.897749075,0.897749075,0.897749075,0.897749075,0.91180008,0.91180008,0.91180008,0.91180008,0.91180008,0.91180008,0.91180008
Summer Peak,0.91180008,0.91180008,0.897749075,0.897749075,0.897749075,0.897749075,0.91180008,0.902015332,0.91180008,0.91180008,0.91180008,0.91180008,0.91180008,0.91180008,0.91180008,0.91180008,0.91180008,0.91180008,0.91180008,0.91180008,0.91180008,0.91180008,0.91180008,0.91180008
Winter Peak,0.905667851,0.892502898,0.888047878,0.887444454,0.889580677,0.89429254,0.894639122,0.91180008,0.91180008,0.91180008,0.91180008,0.91180008,0.91180008,0.91180008,0.91180008,0.91180008,0.91180008,0.91180008,0.91180008,0.91180008,0.91180008,0.91180008,0.91180008,0.91180008
