petroleum,Hour0,Hour1,Hour2,Hour3,Hour4,Hour5,Hour6,Hour7,Hour8,Hour9,Hour10,Hour11,Hour12,Hour13,Hour14,Hour15,Hour16,Hour17,Hour18,Hour19,Hour20,Hour21,Hour22,Hour23
Winter,0.005765043929,0.005275952613,0.004894263398,0.004909479957,0.00500298398,0.005827877077,0.008058723985,0.008621109832,0.008188237648,0.007808342431,0.008232244627,0.008385447705,0.009342707569,0.01184459943,0.01329185841,0.01559228217,0.02021919669,0.02606334943,0.03311542458,0.0347152166,0.02743398526,0.02055359353,0.01298370149,0.008582074172
Spring,0.005746819393,0.005068041806,0.004834376602,0.00489864434,0.00503137498,0.005964335938,0.007431553797,0.008015063015,0.008389173604,0.008440082195,0.008832836748,0.009185404895,0.01084810651,0.01284966844,0.01477629493,0.01711736007,0.02078915312,0.02510837444,0.02807040017,0.028358025,0.0230207844,0.01600727601,0.009391022429,0.00661922833
Summer,0.01170084089,0.01033537805,0.009827939745,0.009612968609,0.00969080603,0.01129800987,0.01731565951,0.02139620274,0.02084779738,0.02149110977,0.02559184222,0.03331016654,0.04300980168,0.04961702388,0.05505576653,0.06087260693,0.06839337111,0.07548693593,0.08211474762,0.08030089555,0.06718124046,0.04852385074,0.0294015084,0.0162024855
Fall,0.03416630518,0.02134171184,0.01874351473,0.01674013678,0.01956759123,0.02173045254,0.02850174501,0.03806658061,0.06197434501,0.09728785983,0.1393542084,0.1788749672,0.2135871496,0.2421941093,0.2597417361,0.2746291445,0.2845362839,0.2930075457,0.3014303664,0.2894292695,0.2373950523,0.1733490848,0.101312046,0.05609276299
Summer Peak,0.06706018107,0.04428739081,0.0383339732,0.03903768204,0.03916413628,0.03958604995,0.04485062159,0.06389199298,0.1140719116,0.1715970835,0.2281921275,0.2718977089,0.3156789232,0.3457429091,0.3723845997,0.3876510424,0.3995689049,0.4071929568,0.4163876783,0.4123848922,0.324316407,0.2409608892,0.1606147426,0.09570763972
Winter Peak,0.02175505538,0.01690542146,0.01574080789,0.01614320805,0.01879612209,0.02697412746,0.04369403876,0.05977870628,0.05465074118,0.04952449011,0.0490519468,0.04756100938,0.03991461522,0.0312562875,0.03195099473,0.03982838662,0.05409302405,0.07364595378,0.0822543111,0.08039775911,0.07872671729,0.06745001971,0.04067827896,0.02455708953
