Unit: dimensionless (ratio of electricity demand in this hour to annual demand),Hour0,Hour1,Hour2,Hour3,Hour4,Hour5,Hour6,Hour7,Hour8,Hour9,Hour10,Hour11,Hour12,Hour13,Hour14,Hour15,Hour16,Hour17,Hour18,Hour19,Hour20,Hour21,Hour22,Hour23
Winter,0.037318474,0.037318474,0.037318474,0.037318474,0.037318474,0.037318474,0.037318474,0.037318474,0.037318474,0.037318474,0.037318474,0.037318474,0.037541732,0.048618776,0.052168009,0.055734417,0.060806386,0.062998896,0.0662848,0.066078715,0.063725917,0.063725917,0.058070041,0.044056293
Spring,0.009754668,0.009754668,0.009754668,0.009754668,0.009754668,0.009754668,0.009754668,0.009754668,0.009754668,0.009754668,0.009754668,0.009754668,0.009754668,0.014248456,0.025022097,0.034135613,0.035280527,0.046918578,0.167117382,0.248200196,0.169722061,0.043306375,0.036580004,0.022342998
Summer,0.163596771,0.156887574,0.153372688,0.152296469,0.148409486,0.145117858,0.145117858,0.145117858,0.145117858,0.145117858,0.19165289,0.223950916,0.223950916,0.223950916,0.245435228,0.245435228,0.261235042,0.291546642,0.281293937,0.338917462,0.38117624,0.337692403,0.254651786,0.169458731
Fall,0.130125208,0.116746887,0.116117184,0.116117184,0.116117184,0.116117184,0.116117184,0.116117184,0.116117184,0.116117184,0.120193079,0.157837853,0.156378088,0.167020064,0.172349639,0.314656732,0.391068297,0.469718169,0.492925577,0.470290626,0.248074255,0.171719936,0.133554226,0.116729714
Summer Peak,0.270205444,0.259105502,0.252029933,0.248549394,0.246723256,0.241456652,0.241456652,0.241456652,0.241456652,0.241456652,0.244771178,0.364471943,0.484539081,0.557979594,0.659167099,0.724364231,0.757732751,0.917379568,0.95,0.95,0.95,0.652864347,0.350217763,0.302640859
Winter Peak,0.162074035,0.162074035,0.162074035,0.162074035,0.162074035,0.162074035,0.162074035,0.162074035,0.162074035,0.162074035,0.162074035,0.16394597,0.166447607,0.162074035,0.162074035,0.166373187,0.173534625,0.38930513,0.473742542,0.438948603,0.386391323,0.25453157,0.111423037,0.094581351
