Unit: dimensionless (ratio of electricity demand in this hour to annual demand),Hour0,Hour1,Hour2,Hour3,Hour4,Hour5,Hour6,Hour7,Hour8,Hour9,Hour10,Hour11,Hour12,Hour13,Hour14,Hour15,Hour16,Hour17,Hour18,Hour19,Hour20,Hour21,Hour22,Hour23
Winter,0.395273642,0.381232944,0.374218915,0.373134364,0.381340398,0.417337598,0.481490465,0.502814355,0.476505427,0.455997716,0.463773933,0.461850817,0.457246873,0.442572773,0.433012498,0.449476977,0.517509788,0.597095783,0.613318753,0.610146744,0.607215189,0.586740663,0.552775614,0.521629661
Spring,0.118060175,0.11356711,0.112829678,0.113509169,0.113002974,0.114158109,0.127125318,0.137424604,0.147673851,0.143064903,0.151323611,0.15961603,0.168712776,0.174887186,0.188382186,0.203820844,0.229383386,0.246644028,0.254175838,0.256353896,0.253246148,0.243373518,0.18244428,0.123023617
Summer,0.391929126,0.371767745,0.358271692,0.35685951,0.364835887,0.379445725,0.387677306,0.419113755,0.439196916,0.472415052,0.520647296,0.565164992,0.584382988,0.604183028,0.613717756,0.621394683,0.634945517,0.637582362,0.644702265,0.658777728,0.656349208,0.635315286,0.575314949,0.481705637
Fall,0.468481907,0.443592009,0.438654904,0.439732081,0.441904344,0.452139368,0.470492989,0.472765332,0.514946423,0.537458105,0.578129568,0.641927941,0.688569967,0.717077495,0.721754919,0.726147378,0.733651798,0.737717681,0.744743297,0.747502872,0.731458466,0.695251625,0.590585842,0.513415199
Summer Peak,0.505124887,0.471295736,0.453698509,0.451017419,0.461686475,0.483711451,0.486029094,0.530094323,0.574967039,0.624253285,0.692772274,0.746193404,0.764197271,0.772580816,0.776373848,0.778522408,0.782774228,0.783138204,0.783634917,0.786250692,0.78383297,0.771665347,0.732726322,0.633161986
Winter Peak,0.481707218,0.461919292,0.447891235,0.44632788,0.456992722,0.486170259,0.542715992,0.56007566,0.520646243,0.521148223,0.546806104,0.541528727,0.526418226,0.505789102,0.494745536,0.515388882,0.588257665,0.633037149,0.642143903,0.638655852,0.636563126,0.634821207,0.612135702,0.583638182
