Unit: dimensionless (ratio of electricity demand in this hour to annual demand),Hour0,Hour1,Hour2,Hour3,Hour4,Hour5,Hour6,Hour7,Hour8,Hour9,Hour10,Hour11,Hour12,Hour13,Hour14,Hour15,Hour16,Hour17,Hour18,Hour19,Hour20,Hour21,Hour22,Hour23
Winter,0.654162819,0.654162819,0.654162819,0.654162819,0.654162819,0.654530656,0.654773272,0.657669009,0.660963889,0.660963889,0.660963889,0.660963889,0.660963889,0.660963889,0.660963889,0.660963889,0.666411007,0.666411007,0.666411007,0.666411007,0.666411007,0.666411007,0.666411007,0.660963889
Spring,0.651791444,0.651791444,0.651791444,0.651791444,0.651791444,0.651791444,0.652495813,0.657144646,0.656878551,0.654468045,0.654468045,0.654468045,0.654468045,0.662106532,0.662106532,0.663734406,0.66423529,0.66423529,0.666411007,0.666411007,0.666411007,0.665706638,0.664078764,0.656440277
Summer,0.664203985,0.664203985,0.664203985,0.664203985,0.664203985,0.664203985,0.664203985,0.664556169,0.664783133,0.664783133,0.665010096,0.665824033,0.665824033,0.666411007,0.666411007,0.666411007,0.666411007,0.666411007,0.666411007,0.666411007,0.666411007,0.665824033,0.66559707,0.663812669
Fall,0.640818946,0.640818946,0.640818946,0.640568504,0.640568504,0.640568504,0.651259255,0.655078498,0.655814172,0.654108034,0.653215834,0.650961855,0.650961855,0.650961855,0.650961855,0.660228215,0.660228215,0.660682142,0.66423529,0.665706638,0.666144912,0.664939659,0.654765445,0.654765445
Summer Peak,0.664329206,0.664329206,0.664329206,0.664329206,0.664329206,0.664329206,0.664329206,0.664329206,0.664783133,0.664783133,0.665237059,0.666411007,0.666411007,0.666411007,0.666411007,0.666411007,0.666411007,0.666411007,0.666411007,0.666411007,0.666411007,0.666411007,0.666411007,0.664783133
Winter Peak,0.664783133,0.664783133,0.664783133,0.664783133,0.664783133,0.664783133,0.664783133,0.664783133,0.664783133,0.664783133,0.664783133,0.664783133,0.664783133,0.664783133,0.664783133,0.664783133,0.666411007,0.666411007,0.666411007,0.666411007,0.666411007,0.666411007,0.666411007,0.664783133
