Unit: dimensionless (ratio of electricity demand in this hour to annual demand),Hour0,Hour1,Hour2,Hour3,Hour4,Hour5,Hour6,Hour7,Hour8,Hour9,Hour10,Hour11,Hour12,Hour13,Hour14,Hour15,Hour16,Hour17,Hour18,Hour19,Hour20,Hour21,Hour22,Hour23
Winter,0.472857231,0.409655231,0.354830526,0.324636699,0.314259131,0.320091586,0.354765444,0.386928174,0.416557789,0.405335159,0.320502568,0.294721423,0.288347236,0.282679488,0.279777818,0.283786628,0.310696764,0.36407663,0.485484458,0.604353474,0.622323432,0.602473844,0.566942983,0.526801701
Spring,0.593412244,0.550854809,0.503869905,0.469353765,0.450340263,0.453142772,0.465491439,0.476618682,0.421346052,0.336371315,0.305783993,0.307735676,0.314132929,0.317064229,0.320655856,0.326632413,0.342028728,0.38287868,0.440868539,0.587373254,0.699527776,0.671525022,0.640002079,0.618829033
Summer,0.572393253,0.528180461,0.464171889,0.412317856,0.380415391,0.363210819,0.360628925,0.354366322,0.288314339,0.26367323,0.27119147,0.293183239,0.318404689,0.340849863,0.358222104,0.380302107,0.401281939,0.435516119,0.490003797,0.562070233,0.632358178,0.615478635,0.597449226,0.586304447
Fall,0.399704067,0.321374191,0.267690964,0.237727536,0.224479439,0.222808672,0.230599051,0.24667391,0.252667601,0.215110469,0.213631209,0.220402481,0.226946818,0.233700781,0.235904885,0.244933504,0.267417638,0.305678739,0.408076791,0.547984164,0.546294528,0.515735602,0.489412207,0.448073961
Summer Peak,0.583463064,0.552136103,0.481888247,0.4205285,0.388724816,0.364906485,0.361908918,0.378170651,0.316168267,0.287947669,0.296993284,0.342371448,0.404922755,0.451836421,0.475310562,0.525102367,0.557606298,0.600845886,0.652743628,0.707254196,0.691104473,0.671057395,0.614370667,0.597801586
Winter Peak,0.532089766,0.480462777,0.421342241,0.388699595,0.373424441,0.377226107,0.414861731,0.476334477,0.529533811,0.554326357,0.428644901,0.380209085,0.366907583,0.356550239,0.345624437,0.349418685,0.386458158,0.410329898,0.579814949,0.702131653,0.709568576,0.703172876,0.674790074,0.62165132
