Unit: dimensionless (ratio of electricity demand in this hour to annual demand),Hour0,Hour1,Hour2,Hour3,Hour4,Hour5,Hour6,Hour7,Hour8,Hour9,Hour10,Hour11,Hour12,Hour13,Hour14,Hour15,Hour16,Hour17,Hour18,Hour19,Hour20,Hour21,Hour22,Hour23
Winter,0.006777217,0.0054892,0.004127705,0.004127705,0.004127705,0.004127705,0.004127705,0.004127705,0.004127705,0.004127705,0.004127705,0.005108846,0.005502166,0.005502166,0.005502166,0.005502166,0.006876627,0.006876627,0.038718308,0.068757629,0.04803482,0.021636956,0.006876627,0.006876627
Spring,0.08271835,0.08271835,0.08271835,0.08271835,0.08271835,0.08271835,0.08271835,0.083461769,0.084205188,0.08271835,0.08271835,0.083638979,0.083889667,0.082765894,0.085467272,0.083613046,0.087649985,0.108807176,0.484558023,0.506350578,0.198626907,0.223146773,0.066778059,0.060363908
Summer,0.100979664,0.099849407,0.099603041,0.099603041,0.099603041,0.098226419,0.098226419,0.098226419,0.098226419,0.098226419,0.099661391,0.105183007,0.149198177,0.266759978,0.372934931,0.485327376,0.608119044,0.862817911,0.95,0.830829275,0.668629907,0.391176795,0.186697623,0.123033712
Fall,0.006876627,0.004330849,0.004127705,0.004127705,0.004127705,0.004127705,0.004127705,0.051222445,0.004127705,0.004127705,0.004127705,0.004127705,0.004127705,0.004127705,0.004127705,0.006876627,0.006876627,0.008251088,0.070011068,0.069094761,0.091436236,0.008251088,0.008251088,0.005502166
Summer Peak,0.121168681,0.118908168,0.118415436,0.118415436,0.118415436,0.118415436,0.118415436,0.118415436,0.118415436,0.118415436,0.12128538,0.132121147,0.217605707,0.449997676,0.655704355,0.866597678,0.95,0.95,0.95,0.95,0.912564323,0.439736763,0.161287383,0.097889287
Winter Peak,0.006677806,0.004127705,0.004127705,0.004127705,0.004127705,0.004127705,0.004127705,0.004127705,0.004127705,0.004127705,0.004127705,0.006089986,0.006876627,0.006876627,0.006876627,0.006876627,0.006876627,0.006876627,0.050483348,0.050483348,0.036397284,0.036397284,0.006876627,0.006876627
