Unit: dimensionless (ratio of electricity demand in this hour to annual demand),Hour0,Hour1,Hour2,Hour3,Hour4,Hour5,Hour6,Hour7,Hour8,Hour9,Hour10,Hour11,Hour12,Hour13,Hour14,Hour15,Hour16,Hour17,Hour18,Hour19,Hour20,Hour21,Hour22,Hour23
Winter,0.422952483,0.413790304,0.409660943,0.410386321,0.422114151,0.446726179,0.475810491,0.473479221,0.451056917,0.436932162,0.412715121,0.404754845,0.403631833,0.40325979,0.40240875,0.410020455,0.455366122,0.514445968,0.549162815,0.561233037,0.557841938,0.535498878,0.505127418,0.461591314
Spring,0.481259652,0.450418549,0.446009096,0.44519159,0.453147806,0.469571356,0.475880558,0.482362015,0.467807505,0.476629586,0.501271971,0.529967296,0.555248579,0.573079469,0.591177919,0.603856329,0.616221997,0.620966077,0.649479616,0.655304879,0.658355704,0.653984726,0.592426416,0.535405338
Summer,0.593208095,0.542805784,0.52378305,0.520839886,0.526377998,0.534036297,0.524661093,0.53398335,0.558902826,0.576366967,0.615857191,0.671410569,0.702192725,0.71604886,0.723873237,0.732531005,0.74087656,0.748354662,0.768879864,0.775776252,0.769320033,0.756533081,0.701450933,0.643534162
Fall,0.368212552,0.367565889,0.369506231,0.368620246,0.376845081,0.413467678,0.443980155,0.426396353,0.409218127,0.385706697,0.385777646,0.389530551,0.388233695,0.385698578,0.387915305,0.411053987,0.443090641,0.520451252,0.579307131,0.57884649,0.572183953,0.545061869,0.508922858,0.47875948
Summer Peak,0.61806174,0.549610043,0.520302294,0.515905196,0.523370767,0.536853624,0.525206274,0.537707487,0.580643522,0.60961735,0.640644475,0.694501422,0.720609741,0.731426877,0.739663361,0.741132472,0.743177651,0.745772069,0.769183958,0.778744831,0.777773424,0.772948512,0.717955669,0.662465474
Winter Peak,0.429953706,0.422723927,0.420879596,0.42345813,0.436238199,0.459797635,0.484367659,0.496159025,0.482078923,0.458234631,0.437824854,0.427167266,0.428992889,0.430984767,0.427535426,0.433218791,0.484620747,0.54935519,0.60510165,0.60486727,0.604863387,0.576624468,0.554038203,0.506717778
