Unit: dimensionless (ratio of electricity demand in this hour to annual demand),Hour0,Hour1,Hour2,Hour3,Hour4,Hour5,Hour6,Hour7,Hour8,Hour9,Hour10,Hour11,Hour12,Hour13,Hour14,Hour15,Hour16,Hour17,Hour18,Hour19,Hour20,Hour21,Hour22,Hour23
Winter,0.005125492,0,0,0,0,0,0,0.004618146,0.011146428,0.02905096,0,0,0,0,0,0,0,0.102999844,0.269803826,0.200035124,0.16206442,0.094086604,0.070590429,0.068151267
Spring,0.128579606,0.067351222,0.000177788,0.04917784,0.013377448,3.46903E-05,0,0,0,0,0,0,0,8.67258E-05,0.000177788,0.001231506,0.003321596,0.110779144,0.543037656,0.322971051,0.193537197,0.15302326,0.161474685,0.157281494
Summer,0.044306021,0,0,0,0,0,0,0,0,0,0,0.006790627,0.226358559,0.339923768,0.515129308,0.573304945,0.611874057,0.619230569,0.6592957,0.636788198,0.605612457,0.364725166,0.122823184,0.056462803
Fall,0.179769483,0.136051029,0.12406553,0.013524882,0.020883562,0,0.05203979,0.057859088,0,0,0,0,0,0.000177788,0.000177788,0.001734515,0.001886285,0.069593083,0.415355662,0.486960783,0.397884759,0.223882539,0.178975942,0.15863008
Summer Peak,0.041654381,0,0,0,0,0,0,0,0,0,0,0.013581253,0.452717118,0.590463636,0.623683937,0.643756613,0.645772987,0.645595199,0.705128094,0.715582884,0.685033736,0.541081991,0.136393596,0.089184431
Winter Peak,0,0,0,0,0,0,0,0,0.000177788,0,0,0,0,0,0,0,0,0.201104019,0.351443117,0.296237837,0.202426587,0.068912286,0.066028654,0.058284044
