Unit: dimensionless (ratio of electricity demand in this hour to annual demand),Hour0,Hour1,Hour2,Hour3,Hour4,Hour5,Hour6,Hour7,Hour8,Hour9,Hour10,Hour11,Hour12,Hour13,Hour14,Hour15,Hour16,Hour17,Hour18,Hour19,Hour20,Hour21,Hour22,Hour23
Winter,0.334634874,0.312829675,0.302936798,0.297441423,0.298260821,0.303499758,0.317433529,0.342303957,0.362955187,0.35994405,0.343798507,0.338120821,0.328380203,0.31469686,0.30259221,0.301860963,0.303002911,0.313264417,0.337609949,0.361612897,0.379281038,0.383448147,0.381406665,0.372279093
Spring,0.38708435,0.3600903,0.325879938,0.298286865,0.283780118,0.278943867,0.294782888,0.31421604,0.331136906,0.336307728,0.34918169,0.351137026,0.369147751,0.388450681,0.409753022,0.432159246,0.450795038,0.466616028,0.478862921,0.486558049,0.48644185,0.481719795,0.473547854,0.440892144
Summer,0.526476147,0.491272091,0.465117472,0.448054363,0.436688974,0.427092603,0.42353854,0.422691094,0.422955545,0.429308383,0.442877531,0.456260362,0.481918133,0.511075875,0.53469617,0.552184004,0.565392537,0.577366965,0.58057644,0.581047243,0.580524351,0.579540673,0.565049953,0.53563978
Fall,0.333853541,0.329576244,0.319410902,0.312416971,0.311787898,0.315019411,0.333809466,0.35977977,0.372741883,0.361478668,0.348173971,0.342967088,0.339765627,0.340542953,0.35092867,0.360430881,0.36856676,0.388406606,0.410720673,0.431986952,0.427294948,0.421124421,0.410698635,0.389808999
Summer Peak,0.564210521,0.527660167,0.495998153,0.477214108,0.462727394,0.459826446,0.463021897,0.477482566,0.488058608,0.50129519,0.521012827,0.546736711,0.589740073,0.625783562,0.653933585,0.673054204,0.68268864,0.687460781,0.696784687,0.699020501,0.698479578,0.69812297,0.67977567,0.640656935
Winter Peak,0.472423936,0.472586213,0.461857911,0.457103801,0.457534536,0.464348159,0.482913832,0.515557521,0.541473733,0.539502369,0.510008053,0.480467659,0.458211691,0.431840703,0.403710714,0.391882536,0.395636941,0.411640242,0.446589864,0.469014119,0.483931568,0.48619543,0.477720973,0.462623217
