hard coal,Hour0,Hour1,Hour2,Hour3,Hour4,Hour5,Hour6,Hour7,Hour8,Hour9,Hour10,Hour11,Hour12,Hour13,Hour14,Hour15,Hour16,Hour17,Hour18,Hour19,Hour20,Hour21,Hour22,Hour23
Winter,0.3684970816,0.3542591386,0.3485060172,0.350977096,0.362416154,0.3857873739,0.4093312425,0.4136190896,0.4087706584,0.4052886036,0.4049383378,0.4049918363,0.4043537981,0.4040277372,0.4027343636,0.407429041,0.4233891303,0.4547237903,0.4755489062,0.4841436707,0.4767462357,0.4609346547,0.4392506358,0.4158017032
Spring,0.3892981883,0.3724395248,0.365227644,0.367962939,0.3776488666,0.3967045924,0.4132738035,0.4194433308,0.41499967,0.4132908945,0.4156723399,0.4181807362,0.4195008377,0.4196181699,0.419265419,0.4235461314,0.4352613169,0.4511908575,0.4679558489,0.4729359967,0.4641035793,0.447521323,0.42637677,0.4000282571
Summer,0.5067480832,0.4913401751,0.4852230636,0.4881122639,0.500141337,0.5247224151,0.5449063778,0.5560641257,0.562674941,0.5662647203,0.5755387928,0.5826610771,0.5862541056,0.586796372,0.585837604,0.5911375763,0.6014042069,0.6139640886,0.6204142374,0.621382733,0.6122117459,0.5941070319,0.5665817578,0.5350104072
Fall,0.6331333377,0.6092044285,0.5967823252,0.595710319,0.6067047257,0.625732137,0.6445916517,0.6756529601,0.7009185196,0.7188269088,0.7339921099,0.7449291239,0.7521066914,0.7550426192,0.7569182357,0.7579262131,0.7586291214,0.7589272164,0.759171524,0.7598749957,0.7503179751,0.7315359755,0.6982000283,0.6634313144
Summer Peak,0.7025661857,0.6789140046,0.6695397835,0.6699549623,0.680729381,0.700957144,0.715503969,0.7378110569,0.7525751248,0.76425462,0.7764236542,0.7804866395,0.7831012875,0.7837431322,0.7842596091,0.7841509876,0.78409153,0.7837918352,0.7842342077,0.7846067778,0.7821051043,0.7724660128,0.7484865334,0.7241557883
Winter Peak,0.6073350876,0.598142737,0.5976837307,0.6007408997,0.6135009709,0.642004767,0.6653712188,0.6739093108,0.674882305,0.6711487945,0.6693813273,0.6675821443,0.6636978851,0.6585729343,0.6562819024,0.6574472196,0.6652010913,0.6849108718,0.6866858877,0.6864539622,0.6850806613,0.6791686736,0.6687805293,0.6502458117
