offshore wind,Hour0,Hour1,Hour2,Hour3,Hour4,Hour5,Hour6,Hour7,Hour8,Hour9,Hour10,Hour11,Hour12,Hour13,Hour14,Hour15,Hour16,Hour17,Hour18,Hour19,Hour20,Hour21,Hour22,Hour23
Winter,0.5052578228,0.4978957466,0.4919698197,0.4861437371,0.4871061084,0.4856351747,0.4704069692,0.4504574113,0.4303574425,0.4142277386,0.410569246,0.4171348214,0.4301184601,0.4472768836,0.4605120658,0.4767306635,0.4897159125,0.4995827951,0.5099901259,0.5128959204,0.514824528,0.5147411096,0.5175560779,0.5144315919
Spring,0.4937979269,0.4880775333,0.4775808689,0.4593507205,0.4474912309,0.439208583,0.4295802155,0.421662145,0.4120764136,0.3963549052,0.3870492448,0.3804883828,0.3872437882,0.3993133949,0.4096558543,0.4221329299,0.4418992564,0.4619987577,0.4780414415,0.4857739043,0.4835854184,0.4805717825,0.4783238103,0.4722421582
Summer,0.4704719371,0.4583336144,0.4508555547,0.4490366624,0.4392608414,0.4397840435,0.4375179488,0.4248347852,0.4074479051,0.390963698,0.3739142427,0.3669465425,0.3667869782,0.3743218617,0.3866985633,0.4000118916,0.4200137264,0.4379354197,0.4491951711,0.466347015,0.4790753914,0.4858986568,0.4878512525,0.4902221987
Fall,0.3268978562,0.3249053965,0.3210340099,0.305982062,0.2892247071,0.2726505345,0.25245982,0.2394224747,0.2155556339,0.2088052659,0.2077319384,0.2271226897,0.2501175023,0.2749936574,0.3061592053,0.3319718043,0.3480342744,0.3478531051,0.3429454301,0.3379491834,0.3211745168,0.3276644036,0.3272485194,0.3115930765
Summer Peak,0.3284169645,0.3209687144,0.3159721993,0.3128187501,0.3035344126,0.2854542236,0.2711105656,0.2462318905,0.2246392538,0.2144097344,0.2069490783,0.2217788963,0.2492550768,0.2824713568,0.3176485596,0.3436996013,0.3578284805,0.3596831769,0.3490411581,0.3300871218,0.3427443396,0.3499033749,0.356890277,0.3529343149
Winter Peak,0.6131498569,0.593548305,0.5894240866,0.5893654683,0.5969094384,0.5896407651,0.5853542995,0.5787712513,0.56198966,0.5447286544,0.5200848792,0.5054083141,0.4914927405,0.4849735445,0.4914843665,0.5082021057,0.5287520184,0.5585437394,0.5824537388,0.6059900462,0.6140092435,0.619467029,0.6089492253,0.5990573816
