Unit: dimensionless (ratio of electricity demand in this hour to annual demand),Hour0,Hour1,Hour2,Hour3,Hour4,Hour5,Hour6,Hour7,Hour8,Hour9,Hour10,Hour11,Hour12,Hour13,Hour14,Hour15,Hour16,Hour17,Hour18,Hour19,Hour20,Hour21,Hour22,Hour23
Winter,0,0,0,0,0,0,0.001798374,0.044442939,0.092200837,0.134301174,0.230184627,0.286610276,0.285513353,0.319443,0.305359566,0.250616188,0.244901785,0.185361936,0.067599273,0.000230995,0,0,0,0
Spring,0,0,0,5.07947E-05,0.004230472,0.013112288,0.132351625,0.225344618,0.277138275,0.473029226,0.450391724,0.490599353,0.476681607,0.472214092,0.47962528,0.470448372,0.436952899,0.396658193,0.291029415,0.191309753,0.089149527,0.002996887,4.83759E-06,0
Summer,0,0,0,0,0.001563751,0.00796993,0.116415394,0.184803195,0.246841658,0.416318159,0.443966195,0.45220703,0.454238817,0.463430238,0.447802404,0.396031725,0.396209506,0.291944929,0.183010868,0.102495229,0.038432234,0.000643399,0,0
Fall,0,0,0,0,0.000718382,0.005947817,0.096538946,0.188528139,0.261911961,0.429067627,0.45770616,0.457904501,0.433261818,0.439364437,0.422379659,0.3929913,0.401338561,0.318572234,0.22471815,0.082101159,0.027893544,9.67518E-06,0,0
Summer Peak,0,0,0,0,0.002767101,0.01262611,0.13982812,0.201226813,0.255197386,0.442813639,0.469139804,0.479023,0.487512971,0.491574128,0.490841233,0.408776356,0.427819529,0.294647932,0.162809092,0.09518684,0.04426153,0.001243261,0,0
Winter Peak,0,0,0,0,0,0,0.001743951,0.050335124,0.101940115,0.132620111,0.206877118,0.265898135,0.291309995,0.321032148,0.283376348,0.194040573,0.1877638,0.143149126,0.041796778,2.4188E-06,0,0,0,0
