Unit: dimensionless (ratio of electricity demand in this hour to annual demand),Hour0,Hour1,Hour2,Hour3,Hour4,Hour5,Hour6,Hour7,Hour8,Hour9,Hour10,Hour11,Hour12,Hour13,Hour14,Hour15,Hour16,Hour17,Hour18,Hour19,Hour20,Hour21,Hour22,Hour23
Winter,0.515496453,0.510488985,0.509464439,0.508141553,0.510757637,0.517370906,0.526900347,0.528136205,0.517562717,0.450333591,0.375700958,0.340839912,0.321597079,0.295172819,0.273567127,0.259119866,0.250626032,0.269761463,0.31082101,0.349288632,0.370237392,0.372064984,0.361354405,0.344533517
Spring,0.440928435,0.423173522,0.406545609,0.395354774,0.372709982,0.355831754,0.310307573,0.198586089,0.151022131,0.144037755,0.144460381,0.144735727,0.148672661,0.158228879,0.175426696,0.189772084,0.211352745,0.224455872,0.255304015,0.304926961,0.357344123,0.394659713,0.421147715,0.410682212
Summer,0.471573416,0.465272459,0.454637848,0.446690341,0.437288096,0.428515713,0.409014997,0.318870681,0.186103512,0.169485204,0.163658681,0.155505101,0.151529747,0.158569133,0.170811292,0.188352564,0.209140076,0.231960379,0.273402967,0.365256994,0.461477274,0.506191714,0.513035797,0.510578924
Fall,0.545790702,0.533950212,0.527928676,0.526574646,0.525469184,0.54356115,0.53508478,0.443738951,0.305167962,0.272699756,0.26390205,0.258012076,0.258432955,0.263600508,0.266844127,0.272511146,0.267986845,0.288437595,0.328020574,0.410550651,0.498931701,0.541845618,0.572715882,0.577637777
Summer Peak,0.494843413,0.490115367,0.475930065,0.46404184,0.453908732,0.44252696,0.410366699,0.290695088,0.136199398,0.115374339,0.09905379,0.077371839,0.064743729,0.065365442,0.077682695,0.089848013,0.109575759,0.130955004,0.176666047,0.273946092,0.381325481,0.447855762,0.467954907,0.464699063
Winter Peak,0.406499038,0.407719761,0.410853358,0.414336814,0.420783885,0.430081638,0.433798528,0.436113652,0.432304204,0.377856579,0.278819671,0.230689302,0.209170346,0.19295458,0.181299789,0.177171917,0.179367123,0.212714926,0.261263845,0.300023112,0.319035423,0.313866706,0.29142042,0.264055732
