Unit: dimensionless (ratio of electricity demand in this hour to annual demand),Hour0,Hour1,Hour2,Hour3,Hour4,Hour5,Hour6,Hour7,Hour8,Hour9,Hour10,Hour11,Hour12,Hour13,Hour14,Hour15,Hour16,Hour17,Hour18,Hour19,Hour20,Hour21,Hour22,Hour23
Winter,0.461349645,0.45107063,0.447862441,0.447628693,0.455363704,0.477682961,0.504374133,0.507281126,0.483589498,0.464156546,0.449819256,0.443576153,0.439719091,0.43341519,0.432176132,0.443641425,0.481389935,0.5284276,0.561801779,0.569486258,0.562429379,0.546676097,0.520281809,0.48795238
Spring,0.40180073,0.381711166,0.37481291,0.374789214,0.384501075,0.405164792,0.404544491,0.392081135,0.380921883,0.377982674,0.386811795,0.39800384,0.408535325,0.416790375,0.424854328,0.436869976,0.459330705,0.493394232,0.515973341,0.536743489,0.541570439,0.527963098,0.490603974,0.443698341
Summer,0.560959338,0.524832696,0.504807601,0.498934846,0.501233385,0.505710521,0.494048672,0.498532017,0.502003181,0.52241541,0.561394561,0.600095704,0.628393909,0.6463202,0.657887055,0.667701134,0.676145026,0.686170738,0.698040082,0.707636675,0.712153775,0.706329022,0.662551651,0.606171163
Fall,0.464623751,0.448078763,0.441065224,0.438915846,0.444652563,0.466728554,0.476966574,0.458863026,0.447344948,0.438178704,0.451321928,0.471076223,0.48801504,0.500286937,0.50940837,0.526974697,0.559007196,0.587256381,0.618444355,0.626422641,0.616730315,0.587042335,0.541537135,0.497162814
Summer Peak,0.580829543,0.539850441,0.518053445,0.517427255,0.520795763,0.533205554,0.521792584,0.528487948,0.550147635,0.599503354,0.642123117,0.692593906,0.709763661,0.720386657,0.732262386,0.73675726,0.743897028,0.748299774,0.755367887,0.766626603,0.775760015,0.768549297,0.723711748,0.658466893
Winter Peak,0.443096288,0.442331376,0.4424881,0.448452438,0.457914123,0.480144581,0.51701003,0.545347431,0.555215398,0.562255273,0.555099267,0.543724773,0.532865985,0.523961659,0.522593854,0.525447361,0.557915358,0.611148586,0.651041562,0.669277322,0.662005185,0.638183837,0.601989054,0.55377982
