Unit: dimensionless (ratio of electricity demand in this hour to annual demand),Hour0,Hour1,Hour2,Hour3,Hour4,Hour5,Hour6,Hour7,Hour8,Hour9,Hour10,Hour11,Hour12,Hour13,Hour14,Hour15,Hour16,Hour17,Hour18,Hour19,Hour20,Hour21,Hour22,Hour23
Winter,0.77367899,0.781866546,0.782975654,0.780099188,0.706023445,0.739963931,0.742939585,0.779143372,0.780550045,0.738935978,0.702236249,0.707962128,0.679558161,0.634499549,0.600892696,0.589431921,0.560595131,0.561686204,0.543074842,0.541866546,0.554706943,0.576266907,0.596880072,0.588422002
Spring,0.476555455,0.453832281,0.423174031,0.423101894,0.420883679,0.38896303,0.344436429,0.360991885,0.375617674,0.405482417,0.444562669,0.396537421,0.332443643,0.29657349,0.197745717,0.135130748,0.09336339,0.081677187,0.106023445,0.133002705,0.144201984,0.093381425,0.097709648,0.139801623
Summer,0.058431019,0.047366997,0.041154193,0.045788999,0.061893598,0.082362489,0.10987376,0.122921551,0.125870153,0.104165915,0.096492335,0.102371506,0.124580703,0.139017133,0.15160505,0.168755636,0.152542831,0.145707845,0.136474301,0.124616772,0.127267809,0.117394049,0.119458972,0.133192065
Fall,0.409792606,0.400541028,0.385770965,0.382849414,0.356501353,0.34135257,0.318232642,0.315798016,0.338412985,0.360180343,0.37264202,0.410243463,0.45264202,0.535166817,0.561424707,0.619783589,0.697024346,0.757655546,0.778917944,0.791740307,0.799062218,0.798322813,0.794138864,0.793579802
Summer Peak,0.049612263,0.037709648,0.041262399,0.042903517,0.049756537,0.065103697,0.095112714,0.116014427,0.134896303,0.117493237,0.111758341,0.119585212,0.130550045,0.146762849,0.14833183,0.156212804,0.129864743,0.116266907,0.10147881,0.090081154,0.098719567,0.083246168,0.074535618,0.084039675
Winter Peak,0.794066727,0.798881876,0.799170424,0.798791704,0.799008115,0.799801623,0.800090171,0.800216411,0.799549143,0.794030658,0.78908927,0.782236249,0.757060415,0.738106402,0.74135257,0.768349865,0.792678088,0.799422904,0.800522994,0.800883679,0.800649234,0.800072137,0.799350766,0.798412985
