Unit: dimensionless (ratio of electricity demand in this hour to annual demand),Hour0,Hour1,Hour2,Hour3,Hour4,Hour5,Hour6,Hour7,Hour8,Hour9,Hour10,Hour11,Hour12,Hour13,Hour14,Hour15,Hour16,Hour17,Hour18,Hour19,Hour20,Hour21,Hour22,Hour23
Winter,0.003544635,0.001861571,0.000841532,0.000450517,0.000442017,0.000416516,0.000348513,0,0.009375858,0.067696587,0.211309575,0.322221814,0.38231911,0.424208711,0.449437675,0.441056355,0.442050893,0.410676194,0.325562441,0.204288307,0.106109555,0.055915137,0.010710409,0.004913188
Spring,0.016585272,0.006159295,0.004092362,0.002108438,0.001959021,0.002075234,0.003934644,0.018145849,0.062240427,0.151865645,0.27822251,0.40204759,0.509860161,0.560172141,0.578077263,0.591225947,0.572075685,0.531799538,0.487024283,0.407742032,0.320897628,0.231546341,0.133669991,0.067602832
Summer,0.007201241,0.002887164,0.002040352,0.00110019,0.000913491,0.000360062,0.00015336,0.003233891,0.024184169,0.094416276,0.227772598,0.342459035,0.434814956,0.493878471,0.512128283,0.504740343,0.498059191,0.476102073,0.430380858,0.361002231,0.282161974,0.181731328,0.106164968,0.043327469
Fall,0.003683029,0.001139783,0.00045081,0.000263681,0.000221152,0.000170117,0.000280693,0.005069481,0.050465152,0.151837761,0.270553778,0.363046289,0.445425356,0.491390918,0.49772777,0.483284852,0.439581843,0.381546493,0.291622746,0.15304559,0.075013008,0.014026131,0.004831317,0.001684156
Summer Peak,0.015623813,0.004555987,0.001165842,0.00014573,0,0,0,0.008782163,0.045751617,0.132599155,0.274087853,0.395488791,0.484200141,0.547002193,0.567688214,0.567504134,0.563883888,0.536172138,0.491709082,0.414732849,0.321105022,0.196904529,0.10205717,0.042967403
Winter Peak,0.00321412,0.000745993,0.000238083,0,0,0,0,0,0.01015027,0.060663538,0.151722333,0.228139026,0.272970047,0.314063165,0.334530363,0.333855795,0.30040514,0.232956238,0.154325373,0.089344598,0.053663899,0.01592775,0.00335697,0.002634785
