Unit: dimensionless (ratio of electricity demand in this hour to annual demand),Hour0,Hour1,Hour2,Hour3,Hour4,Hour5,Hour6,Hour7,Hour8,Hour9,Hour10,Hour11,Hour12,Hour13,Hour14,Hour15,Hour16,Hour17,Hour18,Hour19,Hour20,Hour21,Hour22,Hour23
Winter,0,0,0,0,0,0,0,0,0,0.10291673,0.478917939,0.6160269,0.600309808,0.572956022,0.558976878,0.569971286,0.586595134,0.58701073,0.393909627,0.065777543,0,0,0,0
Spring,0,0,0,0,0,0,0,0.035967961,0.386126643,0.627852501,0.705531207,0.724573069,0.726084328,0.723590751,0.721626115,0.729106846,0.723893003,0.700015113,0.630572767,0.446501436,0.11651806,0,0,0
Summer,0,0,0,0,0,0,0,0,0.064984132,0.169223213,0.277089315,0.300362702,0.358999547,0.39451413,0.313888469,0.28491008,0.330663443,0.311508236,0.26360133,0.198050476,0.036345776,0,0,0
Fall,0,0,0,0,0,0,0,0,0,0.199410609,0.578132084,0.61576243,0.584630497,0.558636844,0.557050023,0.565815324,0.57110473,0.486474233,0.162535892,0,0,0,0,0
Summer Peak,0,0,0,0,0,0,0,0,0.068157775,0.154375094,0.31109264,0.337766359,0.394211878,0.401163669,0.313964032,0.336330663,0.487078737,0.343282454,0.312528336,0.252455796,0.060525918,0,0,0
Winter Peak,0,0,0,0,0,0,0,0,0,0.008009672,0.391264924,0.583723742,0.569215657,0.531963125,0.515868218,0.537101405,0.572313737,0.554178631,0.286912498,0,0,0,0,0
