Unit: dimensionless (ratio of electricity demand in this hour to annual demand),Hour0,Hour1,Hour2,Hour3,Hour4,Hour5,Hour6,Hour7,Hour8,Hour9,Hour10,Hour11,Hour12,Hour13,Hour14,Hour15,Hour16,Hour17,Hour18,Hour19,Hour20,Hour21,Hour22,Hour23
Winter,0.004057462,0.002130897,0.000963282,0.000515697,0.000505966,0.000476776,0.000398935,0,0.010732328,0.077490714,0.241881173,0.368839842,0.437631824,0.485581879,0.51446089,0.504866987,0.506005411,0.47009152,0.372663781,0.23384409,0.121461148,0.064004761,0.012259957,0.005624012
Spring,0.018984777,0.007050403,0.004684432,0.00241348,0.002242446,0.002375473,0.004503896,0.020771132,0.071245174,0.173837084,0.318474859,0.460214557,0.583625109,0.641216066,0.661711644,0.676762638,0.654841777,0.608738605,0.557485408,0.466732854,0.367324077,0.265045729,0.15300894,0.077383395
Summer,0.008243094,0.00330487,0.002335543,0.001259362,0.001045652,0.000412155,0.000175547,0.00370176,0.027683058,0.108076123,0.260726013,0.39200492,0.497722601,0.565331238,0.586221376,0.577764572,0.570116812,0.544983008,0.492646993,0.413230887,0.322984271,0.208023639,0.121524578,0.04959595
Fall,0.004215878,0.001304683,0.000516031,0.00030183,0.000253147,0.000194729,0.000321302,0.005802917,0.05776629,0.173805166,0.309696639,0.415570673,0.50986808,0.562483795,0.569737441,0.553204969,0.503179147,0.436747427,0.333813798,0.17518774,0.085865652,0.016055387,0.005530297,0.001927815
Summer Peak,0.017884217,0.005215132,0.001334512,0.000166814,0,0,0,0.010052738,0.052370816,0.151783179,0.313742012,0.452706852,0.554252679,0.626140732,0.64981954,0.649608828,0.645464817,0.613743818,0.562847989,0.47473508,0.367561476,0.225392051,0.116822477,0.04918379
Winter Peak,0.003679129,0.000853921,0.000272528,0,0,0,0,0,0.011618779,0.069440145,0.173673038,0.261145455,0.312462486,0.359500826,0.382929153,0.38215699,0.3438668,0.266659606,0.176652677,0.10227069,0.061427821,0.018232126,0.003842645,0.003015977
