Unit: dimensionless (ratio of electricity demand in this hour to annual demand),Hour0,Hour1,Hour2,Hour3,Hour4,Hour5,Hour6,Hour7,Hour8,Hour9,Hour10,Hour11,Hour12,Hour13,Hour14,Hour15,Hour16,Hour17,Hour18,Hour19,Hour20,Hour21,Hour22,Hour23
Winter,0.312096275,0.284336247,0.260863681,0.244850267,0.236285673,0.234126445,0.254355003,0.317199905,0.376428874,0.393671705,0.404323209,0.369083366,0.338678542,0.296837041,0.275874965,0.263653114,0.262971253,0.279284273,0.303831287,0.328388632,0.36342185,0.372420355,0.369527609,0.346840218
Spring,0.416958309,0.377616966,0.345094239,0.311156132,0.302488226,0.295752261,0.286309512,0.29306614,0.301413778,0.329680036,0.335165922,0.320288944,0.309027898,0.324968993,0.339215766,0.354516325,0.382606953,0.408207753,0.434738364,0.440275906,0.441185055,0.446040735,0.441081742,0.423043406
Summer,0.346065375,0.306259127,0.262134423,0.235748449,0.21358795,0.190156709,0.174794163,0.172221686,0.183937306,0.193607342,0.207771465,0.215643866,0.238341589,0.260874012,0.30268452,0.349639982,0.384042994,0.414044901,0.443106664,0.455814083,0.43930477,0.412040641,0.37907367,0.345373182
Fall,0.239137094,0.220633852,0.201066493,0.190941883,0.177976183,0.193442042,0.219404435,0.262619991,0.272155721,0.244757286,0.261679848,0.256565887,0.241182678,0.233341271,0.223981172,0.231781255,0.257660998,0.294285226,0.316115125,0.342149837,0.360952684,0.34359621,0.302891144,0.27742465
Summer Peak,0.320443913,0.288954309,0.255646407,0.217110901,0.179143613,0.159132011,0.150019862,0.148067258,0.158925386,0.178740695,0.205715549,0.232897028,0.258745778,0.313305029,0.361035334,0.405821238,0.456661244,0.496932398,0.532027603,0.553309947,0.549218778,0.505383348,0.445028274,0.393847336
Winter Peak,0.367915937,0.344112772,0.307323244,0.301372453,0.305680578,0.313625297,0.342480437,0.375922644,0.423518643,0.418983231,0.413879601,0.390417366,0.365405447,0.331074753,0.311290438,0.291609436,0.27918096,0.311807,0.342263481,0.389301593,0.395944577,0.40425089,0.391212871,0.351024368
