Unit: dimensionless (ratio of electricity demand in this hour to annual demand),Hour0,Hour1,Hour2,Hour3,Hour4,Hour5,Hour6,Hour7,Hour8,Hour9,Hour10,Hour11,Hour12,Hour13,Hour14,Hour15,Hour16,Hour17,Hour18,Hour19,Hour20,Hour21,Hour22,Hour23
Winter,0,0,0,0,0,0,0,0,0,0.040275049,0.405659665,0.549267039,0.544128759,0.516019344,0.504307088,0.526220342,0.541559619,0.47483754,0.150483603,0,0,0,0,0
Spring,0,0,0,0,0,0,0,0,0,0.380610549,0.648707874,0.6914765,0.675532719,0.66427384,0.656793109,0.666918543,0.676515037,0.667900861,0.587728578,0.230693668,0,0,0,0
Summer,0,0,0,0,0,0,0,0,0.194385673,0.503891492,0.613155509,0.621694121,0.622223062,0.638280187,0.630610549,0.644438567,0.626379024,0.580096721,0.509520931,0.33058788,0.065097476,0,0,0
Fall,0,0,0,0,0,0,0,0,0.162233641,0.449523953,0.578358773,0.611455342,0.647876681,0.657699864,0.65399728,0.65837993,0.663669337,0.654904035,0.586066193,0.301722835,0.000604504,0,0,0
Summer Peak,0,0,0,0,0,0,0,0,0.222079492,0.506649539,0.612891038,0.6190872,0.629741575,0.657699864,0.647876681,0.665709536,0.670092187,0.646289859,0.606165936,0.449372828,0.129666012,0,0,0
Winter Peak,0,0,0,0,0,0,0,0,0,0.001511259,0.347589542,0.560979296,0.54133293,0.508160798,0.491385824,0.509143116,0.537176968,0.514130271,0.259860964,0,0,0,0,0
