Unit: dimensionless (ratio of electricity demand in this hour to annual demand),Hour0,Hour1,Hour2,Hour3,Hour4,Hour5,Hour6,Hour7,Hour8,Hour9,Hour10,Hour11,Hour12,Hour13,Hour14,Hour15,Hour16,Hour17,Hour18,Hour19,Hour20,Hour21,Hour22,Hour23
Winter,0.062359945,0.062359945,0.062359945,0.062359945,0.062359945,0.062359945,0.062359945,0.062359945,0.062359945,0.062359945,0.062359945,0.062945391,0.063797602,0.06589411,0.067004132,0.069464083,0.073290078,0.141457942,0.168893381,0.157947135,0.140774025,0.099534929,0.053008907,0.04335888
Spring,0.102329677,0.098133079,0.09593452,0.095261346,0.09283004,0.090771129,0.090771129,0.090771129,0.090771129,0.090771129,0.119878762,0.140081157,0.140081157,0.140081157,0.153519581,0.153519581,0.163402355,0.182362241,0.175949181,0.211992659,0.238425498,0.211226386,0.159284532,0.10599633
Summer,0.125203286,0.117547717,0.115137895,0.114049358,0.113478234,0.111831105,0.111831105,0.111831105,0.111831105,0.111831105,0.114142457,0.163352225,0.200446643,0.226743415,0.260056599,0.32495348,0.359287167,0.433814382,0.486497444,0.483702695,0.379627419,0.257888476,0.151299538,0.131158015
Fall,0.006101539,0.006101539,0.006101539,0.006101539,0.006101539,0.006101539,0.006101539,0.006101539,0.006101539,0.006101539,0.006101539,0.006101539,0.006101539,0.0089124,0.015651306,0.021351804,0.022067947,0.029347541,0.104531817,0.155249066,0.106161043,0.02708811,0.02288077,0.013975531
Summer Peak,0.169013335,0.162070329,0.157644565,0.15546749,0.154325242,0.151030984,0.151030984,0.151030984,0.151030984,0.151030984,0.153104218,0.227976972,0.303078891,0.349015886,0.412308606,0.453089371,0.47396136,0.573820344,0.664670248,0.6732389,0.604084548,0.408366239,0.219060991,0.189301667
Winter Peak,0.101377207,0.101377207,0.101377207,0.101377207,0.101377207,0.101377207,0.101377207,0.101377207,0.101377207,0.101377207,0.101377207,0.102548101,0.104112873,0.101377207,0.101377207,0.104066324,0.108545799,0.243510114,0.296325662,0.274562076,0.24168753,0.159209337,0.06969504,0.059160576
