Unit: dimensionless (ratio of electricity demand in this hour to annual demand),Hour0,Hour1,Hour2,Hour3,Hour4,Hour5,Hour6,Hour7,Hour8,Hour9,Hour10,Hour11,Hour12,Hour13,Hour14,Hour15,Hour16,Hour17,Hour18,Hour19,Hour20,Hour21,Hour22,Hour23
Winter,0.494750225,0.487185302,0.479032612,0.469356778,0.459392997,0.453314848,0.447685603,0.443096032,0.429650887,0.409267959,0.393388488,0.385312444,0.383119176,0.386772317,0.396195822,0.409548993,0.432688458,0.455047641,0.470838894,0.483322513,0.491181094,0.494425008,0.49219462,0.491210099
Spring,0.418973027,0.404025954,0.393722312,0.389850629,0.387501078,0.388904026,0.379142588,0.359677343,0.344819461,0.335603364,0.329974713,0.329886698,0.337489317,0.351683263,0.362441095,0.375591602,0.385072725,0.390366762,0.39627416,0.404872388,0.409976673,0.416308856,0.424446819,0.423548242
Summer,0.281868899,0.279618144,0.276408633,0.268011526,0.260562199,0.249449563,0.234514055,0.220119379,0.202074529,0.195632964,0.195225428,0.210630807,0.23276728,0.257096679,0.281769514,0.299019485,0.311571529,0.315484377,0.313207355,0.306168895,0.300322461,0.303707806,0.302656134,0.291392951
Fall,0.334401691,0.331601354,0.331945483,0.327696492,0.319082913,0.314503984,0.312383036,0.302764564,0.289569395,0.278836051,0.265799051,0.261053378,0.263420302,0.269613446,0.280701267,0.293901758,0.306559742,0.320126831,0.329730816,0.33901728,0.34007598,0.335975698,0.332325977,0.330880279
Summer Peak,0.065128945,0.056454463,0.059606853,0.05638954,0.049637511,0.04419477,0.036761046,0.030470694,0.027657349,0.060223625,0.041017133,0.057229937,0.086001803,0.113244364,0.146687106,0.165475203,0.183891794,0.16005771,0.161846709,0.150102795,0.149496844,0.152483318,0.133457169,0.133781785
Winter Peak,0.605219116,0.557406673,0.551848512,0.542532011,0.552670875,0.554863841,0.536566276,0.51233183,0.490438233,0.499293057,0.491376014,0.476919748,0.485114518,0.48135257,0.488526601,0.524479711,0.549222723,0.562618575,0.562568079,0.556977457,0.54361046,0.563271416,0.563004509,0.561186655
