Unit: dimensionless (ratio of electricity demand in this hour to annual demand),Hour0,Hour1,Hour2,Hour3,Hour4,Hour5,Hour6,Hour7,Hour8,Hour9,Hour10,Hour11,Hour12,Hour13,Hour14,Hour15,Hour16,Hour17,Hour18,Hour19,Hour20,Hour21,Hour22,Hour23
Winter,0.062359945,0.062359945,0.062359945,0.062359945,0.062359945,0.062359945,0.062359945,0.062359945,0.062359945,0.062359945,0.062359945,0.062945391,0.063797602,0.06589411,0.067004132,0.069464083,0.073290078,0.141457942,0.168893381,0.157947135,0.140774025,0.099534929,0.053008907,0.04335888
Spring,0.006101539,0.006101539,0.006101539,0.006101539,0.006101539,0.006101539,0.006101539,0.006101539,0.006101539,0.006101539,0.006101539,0.006101539,0.006101539,0.0089124,0.015651306,0.021351804,0.022067947,0.029347541,0.104531817,0.155249066,0.106161043,0.02708811,0.02288077,0.013975531
Summer,0.135671506,0.130101704,0.126789542,0.125364418,0.123577641,0.120901056,0.120901056,0.120901056,0.120901056,0.120901056,0.13649149,0.184029064,0.221580024,0.244548521,0.282914094,0.303304476,0.318681857,0.378091293,0.420309714,0.442615779,0.421255023,0.309796313,0.189172762,0.147648999
Fall,0.081393236,0.073025105,0.072631226,0.072631226,0.072631226,0.072631226,0.072631226,0.072631226,0.072631226,0.072631226,0.075180695,0.098727478,0.097814396,0.104470945,0.107804591,0.196817589,0.244612974,0.29380842,0.308324639,0.294166491,0.155170291,0.107410712,0.083538084,0.073014362
Summer Peak,0.169013335,0.162070329,0.157644565,0.15546749,0.154325242,0.151030984,0.151030984,0.151030984,0.151030984,0.151030984,0.153104218,0.227976972,0.303078891,0.349015886,0.412308606,0.453089371,0.47396136,0.573820344,0.664670248,0.6732389,0.604084548,0.408366239,0.219060991,0.189301667
Winter Peak,0.101377207,0.101377207,0.101377207,0.101377207,0.101377207,0.101377207,0.101377207,0.101377207,0.101377207,0.101377207,0.101377207,0.102548101,0.104112873,0.101377207,0.101377207,0.104066324,0.108545799,0.243510114,0.296325662,0.274562076,0.24168753,0.159209337,0.06969504,0.059160576
