Unit: dimensionless (ratio of electricity demand in this hour to annual demand),Hour0,Hour1,Hour2,Hour3,Hour4,Hour5,Hour6,Hour7,Hour8,Hour9,Hour10,Hour11,Hour12,Hour13,Hour14,Hour15,Hour16,Hour17,Hour18,Hour19,Hour20,Hour21,Hour22,Hour23
Winter,0.461349645,0.45107063,0.447862441,0.447628693,0.455363704,0.477682961,0.504374133,0.507281126,0.483589498,0.464156546,0.449819256,0.443576153,0.439719091,0.43341519,0.432176132,0.443641425,0.481389935,0.5284276,0.561801779,0.569486258,0.562429379,0.546676097,0.520281809,0.48795238
Spring,0.40180073,0.381711166,0.37481291,0.374789214,0.384501075,0.405164792,0.404544491,0.392081135,0.380921883,0.377982674,0.386811795,0.39800384,0.408535325,0.416790375,0.424854328,0.436869976,0.459330705,0.493394232,0.515973341,0.536743489,0.541570439,0.527963098,0.490603974,0.443698341
Summer,0.560959338,0.524832696,0.504807601,0.498934846,0.501233385,0.505710521,0.494048672,0.498532017,0.502003181,0.52241541,0.561394561,0.600095704,0.628393909,0.6463202,0.657887055,0.667701134,0.676145026,0.686170738,0.698040082,0.707636675,0.712153775,0.706329022,0.662551651,0.606171163
Fall,0.464623751,0.448078763,0.441065224,0.438915846,0.444652563,0.466728554,0.476966574,0.458863026,0.447344948,0.438178704,0.451321928,0.471076223,0.48801504,0.500286937,0.50940837,0.526974697,0.559007196,0.587256381,0.618444355,0.626422641,0.616730315,0.587042335,0.541537135,0.497162814
Summer Peak,0.621894137,0.56894619,0.539827851,0.536984015,0.540897951,0.557403181,0.551062423,0.558941477,0.580532615,0.606071504,0.647931296,0.700050088,0.720575643,0.732976892,0.741405469,0.748700196,0.754752921,0.761071159,0.773840992,0.788900196,0.792948053,0.784235114,0.752497931,0.690076509
Winter Peak,0.5237013,0.515719033,0.514197751,0.51545112,0.522372251,0.546022121,0.579602577,0.596825915,0.586438358,0.572013251,0.560756864,0.552042443,0.545483612,0.540107765,0.538835547,0.543465119,0.577612041,0.634963228,0.665719828,0.672944171,0.669345236,0.651191438,0.616204772,0.579480799
