Unit: dimensionless (ratio of electricity demand in this hour to annual demand),Hour0,Hour1,Hour2,Hour3,Hour4,Hour5,Hour6,Hour7,Hour8,Hour9,Hour10,Hour11,Hour12,Hour13,Hour14,Hour15,Hour16,Hour17,Hour18,Hour19,Hour20,Hour21,Hour22,Hour23
Winter,0.657144646,0.657144646,0.657144646,0.657144646,0.657144646,0.657144646,0.657144646,0.657144646,0.657144646,0.657144646,0.651611439,0.651611439,0.651611439,0.651611439,0.651611439,0.651611439,0.6608778,0.666411007,0.666411007,0.666411007,0.665393586,0.662059574,0.662059574,0.660439526
Spring,0.645624305,0.645624305,0.645624305,0.645624305,0.645624305,0.645624305,0.65010096,0.65669072,0.65669072,0.656424625,0.656878551,0.656878551,0.656878551,0.656878551,0.656878551,0.656878551,0.666144912,0.666144912,0.666144912,0.666411007,0.666411007,0.666411007,0.666411007,0.655281982
Summer,0.664430948,0.664430948,0.664430948,0.664430948,0.664430948,0.664430948,0.664430948,0.664783133,0.664783133,0.664783133,0.665010096,0.66559707,0.66559707,0.66559707,0.665824033,0.666411007,0.666411007,0.666411007,0.666411007,0.666411007,0.666411007,0.666411007,0.66559707,0.662192621
Fall,0.651963623,0.651963623,0.651963623,0.648128727,0.651040118,0.651040118,0.65330975,0.65330975,0.65330975,0.651134034,0.662607416,0.662607416,0.662607416,0.662607416,0.66423529,0.66423529,0.666411007,0.666411007,0.666411007,0.666411007,0.666411007,0.664783133,0.664783133,0.655673298
Summer Peak,0.664783133,0.664783133,0.664783133,0.664783133,0.664783133,0.664783133,0.664783133,0.664783133,0.664783133,0.664783133,0.665237059,0.666411007,0.666411007,0.666411007,0.666411007,0.666411007,0.666411007,0.666411007,0.666411007,0.666411007,0.666411007,0.666411007,0.666411007,0.664783133
Winter Peak,0.657144646,0.657144646,0.657144646,0.657144646,0.657144646,0.657144646,0.657144646,0.657144646,0.657144646,0.657144646,0.657144646,0.657144646,0.657144646,0.657144646,0.657144646,0.657144646,0.666411007,0.666411007,0.666411007,0.666411007,0.666411007,0.665221407,0.665221407,0.663593532
