Unit: dimensionless (ratio of electricity demand in this hour to annual demand),Hour0,Hour1,Hour2,Hour3,Hour4,Hour5,Hour6,Hour7,Hour8,Hour9,Hour10,Hour11,Hour12,Hour13,Hour14,Hour15,Hour16,Hour17,Hour18,Hour19,Hour20,Hour21,Hour22,Hour23
Winter,0,0,0,0,0,4.70617E-08,0.001591087,0.06511158,0.183912041,0.319882158,0.440740648,0.483179809,0.483669378,0.483602393,0.473550849,0.433232112,0.332913232,0.208075532,0.069342715,0.004631635,5.17678E-07,0,0,0
Spring,0,0,0,1.35605E-06,0.000780614,0.019251844,0.107816455,0.259399982,0.446141715,0.590692113,0.651588762,0.668628901,0.669999657,0.668120272,0.653732843,0.631164702,0.570637188,0.439319259,0.284334077,0.112862173,0.015829162,6.89295E-05,7.81261E-08,0
Summer,0,0,0,2.32314E-05,0.002477563,0.038492511,0.151317759,0.318912013,0.51625995,0.637962337,0.678188416,0.690872858,0.693196769,0.687376291,0.668637277,0.641676697,0.591992952,0.492231303,0.338428677,0.179227292,0.046624763,0.000843126,2.5391E-06,0
Fall,0,0,0,0,4.46911E-06,0.001897451,0.060285348,0.193260571,0.354197861,0.515600771,0.584864038,0.592578279,0.591066787,0.586666973,0.576510034,0.547594088,0.454017691,0.316210884,0.150011084,0.027605379,0.000368773,2.77741E-07,0,0
Summer Peak,0,0,0,1.2527E-05,0.00285204,0.04722028,0.18077977,0.360609134,0.577508345,0.699251419,0.735918966,0.750270757,0.749589578,0.745204217,0.731065795,0.707113422,0.656704312,0.547707935,0.381629889,0.217235283,0.063182402,0.001047131,1.84824E-06,0
Winter Peak,0,0,0,0,0,0,0.000232365,0.061546915,0.198028986,0.323114294,0.453759725,0.51125694,0.512715818,0.512337442,0.507357256,0.47011275,0.360219258,0.227180561,0.068735543,0.001826369,1.0268E-07,0,0,0
