Unit: dimensionless (ratio of electricity demand in this hour to annual demand),Hour0,Hour1,Hour2,Hour3,Hour4,Hour5,Hour6,Hour7,Hour8,Hour9,Hour10,Hour11,Hour12,Hour13,Hour14,Hour15,Hour16,Hour17,Hour18,Hour19,Hour20,Hour21,Hour22,Hour23
Winter,0.012592665,0.010639884,0.009649472,0.009484961,0.00937285,0.010076556,0.026143903,0.036639386,0.024605913,0.011796393,0.011835991,0.012083551,0.012141561,0.012215772,0.012523778,0.014726499,0.016887469,0.050710785,0.131927633,0.108765274,0.067936283,0.032739829,0.016188691,0.014047152
Spring,0.020984749,0.020503495,0.019810099,0.019411678,0.019343624,0.017291737,0.016845286,0.01688201,0.016664918,0.016577431,0.016682652,0.016834055,0.017075606,0.018589268,0.019970813,0.023199565,0.029464732,0.050837631,0.164502785,0.211880385,0.142267501,0.103500746,0.052890035,0.028345944
Summer,0.159851996,0.149957069,0.149265668,0.148730991,0.147929049,0.145410761,0.145057266,0.145191526,0.145381427,0.145974552,0.154982783,0.206789203,0.289519337,0.409211432,0.535371081,0.654998595,0.803335672,0.95,0.95,0.95,0.741589252,0.521921689,0.25076906,0.177233437
Fall,0.036121542,0.03458252,0.033569285,0.033207431,0.032750962,0.032889485,0.029885885,0.031123009,0.029830721,0.029968353,0.029995768,0.030713569,0.03345383,0.04145808,0.051997092,0.068816448,0.106138896,0.188074362,0.274051961,0.246549721,0.180365769,0.081828036,0.045544122,0.036743392
Summer Peak,0.283148772,0.276107408,0.275128497,0.274178137,0.272959936,0.271813794,0.271813794,0.271813794,0.274482687,0.27464312,0.292672765,0.450259831,0.789069235,0.95,0.95,0.95,0.95,0.95,0.95,0.95,0.95,0.95,0.460494894,0.313474633
Winter Peak,0.013532091,0.012165694,0.011374407,0.011374407,0.011374407,0.028370757,0.206135635,0.138241329,0.081362496,0.045433727,0.045433727,0.045433727,0.045433727,0.045433727,0.045655342,0.048029202,0.048893907,0.190464894,0.295774011,0.271700947,0.204141102,0.076126679,0.015336279,0.015336279
