Unit: dimensionless (ratio of electricity demand in this hour to annual demand),Hour0,Hour1,Hour2,Hour3,Hour4,Hour5,Hour6,Hour7,Hour8,Hour9,Hour10,Hour11,Hour12,Hour13,Hour14,Hour15,Hour16,Hour17,Hour18,Hour19,Hour20,Hour21,Hour22,Hour23
Winter,0.499021732,0.493652952,0.476567269,0.460615934,0.443544342,0.437238492,0.439936973,0.445693263,0.43612528,0.425937281,0.373348604,0.298791613,0.299277763,0.325353686,0.355804954,0.380422429,0.388567192,0.376272546,0.367641633,0.355523128,0.339360424,0.345011029,0.35088005,0.346892216
Spring,0.363958449,0.404966392,0.418462968,0.431245562,0.442387147,0.446935908,0.447385026,0.445640375,0.427952029,0.394671221,0.345285497,0.347577152,0.340967054,0.338997843,0.339550604,0.330407019,0.317607151,0.319259676,0.309321497,0.297915047,0.278338102,0.267144695,0.254454228,0.262918378
Summer,0.396868518,0.41055463,0.402486649,0.373002237,0.349056929,0.327906317,0.312941398,0.313415562,0.309650983,0.284125127,0.229545917,0.204494225,0.194766668,0.179176713,0.170577093,0.178839051,0.196440613,0.205650899,0.223353041,0.233655343,0.243720562,0.261552022,0.305024287,0.364689989
Fall,0.422987548,0.417499357,0.407990322,0.398000875,0.387442244,0.377980206,0.376126441,0.381097666,0.388674606,0.387442244,0.359703643,0.329348884,0.311025324,0.299135114,0.284341542,0.280367695,0.280806333,0.284764514,0.283516486,0.277573992,0.286049095,0.292560774,0.288169177,0.281422514
Summer Peak,0.34591505,0.351736965,0.353546479,0.336833761,0.311410649,0.284267936,0.257557933,0.240170862,0.229454267,0.220423555,0.183429667,0.164030776,0.137551177,0.123558349,0.117416117,0.12397982,0.137922071,0.147615897,0.160968089,0.175303712,0.189892218,0.212882039,0.231095193,0.256327239
Winter Peak,0.395185025,0.441479908,0.45520706,0.461049196,0.461553687,0.463048477,0.463939123,0.463310065,0.453537878,0.447272218,0.430181789,0.409902475,0.398579443,0.383587948,0.38438517,0.377502909,0.371093998,0.360985483,0.357883794,0.357821511,0.362075433,0.372146579,0.370776355,0.367743178
