solar pv dist,Hour0,Hour1,Hour2,Hour3,Hour4,Hour5,Hour6,Hour7,Hour8,Hour9,Hour10,Hour11,Hour12,Hour13,Hour14,Hour15,Hour16,Hour17,Hour18,Hour19,Hour20,Hour21,Hour22,Hour23
Winter,0.0,0.0,0.0,8.650791042276614e-06,0.0015012252678792855,0.00904995106184903,0.25036974306154625,0.37553937611007226,0.4281135057771776,0.43735636378795945,0.4323389049834391,0.42855674499189633,0.4305788104849295,0.5169498733612407,0.47996518056605486,0.37851004068006033,0.20812878409859398,0.09433465670516697,0.0032221066412037465,6.032788490008692e-06,0.0,0.0,0.0,0.0
Spring,0.0,0.0,0.0,1.7999691460786166e-05,0.0012482299125406615,0.005026343161007806,0.1337289118928925,0.25551052072541963,0.3431984836029565,0.3582612725266689,0.35525538687886576,0.35252769541531526,0.3565355324746947,0.45432992944403666,0.4108564023881601,0.2716126740319645,0.12322642176280182,0.06038155136544938,0.004463169568496506,1.7999691460786166e-05,0.0,0.0,0.0,0.0
Summer,0.0,0.0,0.0,1.3362915735872177e-05,0.0009453370700328209,0.003937103570963645,0.1708774126159486,0.30941300041988107,0.37862929554792457,0.3912403192713825,0.38470297866529213,0.3808315794010773,0.3814854700893337,0.4820967461617404,0.446021532851737,0.3083545742232052,0.1326171643202854,0.05481251928353994,0.00304438545992638,1.0686367331802826e-05,0.0,0.0,0.0,0.0
Fall,0.0,0.0,0.0,2.0103852457232028e-05,0.0037341617230817648,0.01776827649355664,0.3238937220744305,0.4032139279489824,0.4394047483237571,0.4526339159445637,0.4548479171318409,0.4505136534302823,0.4467602602112602,0.5089845385513577,0.4920753349640849,0.4418649919642087,0.3220769206703172,0.17345453220337786,0.015136376882124056,7.716389917509572e-05,0.0,0.0,0.0,0.0
Summer Peak,0.0,0.0,0.0,6.55496617298822e-05,0.0038969394838750263,0.01935408185725654,0.33802339953607297,0.4139192650697705,0.45285092652390874,0.4691619076644729,0.47164481274807885,0.4657363936075776,0.4556465833145876,0.5125265161685135,0.49179613329560007,0.4487360525558322,0.33478195666949667,0.1723557000389428,0.015774006051854382,7.087103648286154e-05,0.0,0.0,0.0,0.0
Winter Peak,0.0,0.0,0.0,0.0,0.0,0.0,0.029952809081167903,0.18788468097148955,0.3238208922010416,0.3337384834565716,0.320173815449886,0.3100919872190254,0.31425813988926704,0.44113930633461285,0.38618909747065383,0.2076436710713137,0.03763566482111715,0.002844274805467471,0.0,0.0,0.0,0.0,0.0,0.0
