offshore wind,Hour0,Hour1,Hour2,Hour3,Hour4,Hour5,Hour6,Hour7,Hour8,Hour9,Hour10,Hour11,Hour12,Hour13,Hour14,Hour15,Hour16,Hour17,Hour18,Hour19,Hour20,Hour21,Hour22,Hour23
Winter,0.5126601236,0.5021742247,0.4990094865,0.496985352,0.4903072886,0.484567665,0.4856625113,0.4885410586,0.488667515,0.4854079345,0.4732223616,0.4658828979,0.4696083704,0.4723854198,0.4707339989,0.4724228576,0.4814736426,0.4911375748,0.4959836841,0.4997199719,0.5059071847,0.5075311513,0.5106767546,0.5088606075
Spring,0.4664168724,0.4582219646,0.4528983572,0.4438566549,0.4385552765,0.4336858932,0.4271740892,0.4241664797,0.4212792416,0.416307941,0.413572111,0.4128993727,0.4178945798,0.4248492838,0.4322112376,0.4442056064,0.4578327495,0.4665745716,0.4724815822,0.4806064481,0.4821062684,0.4915623506,0.4931611524,0.4857983598
Summer,0.4197577503,0.4201152586,0.4214922771,0.4181129404,0.4125935384,0.4047859022,0.3960271763,0.3899495357,0.3793575038,0.3785292083,0.3802225016,0.3818473744,0.3852031491,0.3900832049,0.3913501163,0.3923116277,0.3946256895,0.4020259747,0.4101412764,0.4177685725,0.4221289046,0.4232381318,0.425381822,0.4201279458
Fall,0.3418459784,0.3379403388,0.3285761416,0.3190525926,0.3117599677,0.3047038329,0.2979795964,0.2794501378,0.265981365,0.2595930865,0.2651683667,0.2780433767,0.2904768708,0.3088378429,0.3180924224,0.327973244,0.3390304264,0.3395917098,0.338075331,0.3355388982,0.3377759122,0.344487969,0.3473654348,0.3503454135
Summer Peak,0.2408360881,0.2411267412,0.2473919304,0.2524852801,0.2542107446,0.2472719783,0.241781864,0.2516040937,0.2574909725,0.2653247658,0.263733094,0.2592210505,0.2489605345,0.2438717983,0.2467137398,0.2537955258,0.2533433988,0.2485453157,0.2253253619,0.2173716165,0.2313875553,0.2459109836,0.2633178753,0.2824456179
Winter Peak,0.6877599931,0.652641716,0.6223801139,0.6008371823,0.5954476432,0.6115299872,0.6269678194,0.6177670338,0.5994212865,0.5787157127,0.5496568608,0.5273679196,0.5212120713,0.5096514593,0.5075910517,0.5054189964,0.5098290806,0.4956904217,0.4867687553,0.4943252748,0.4920364969,0.4837745669,0.4680170163,0.4617748948
