Unit: dimensionless (ratio of electricity demand in this hour to annual demand),Hour0,Hour1,Hour2,Hour3,Hour4,Hour5,Hour6,Hour7,Hour8,Hour9,Hour10,Hour11,Hour12,Hour13,Hour14,Hour15,Hour16,Hour17,Hour18,Hour19,Hour20,Hour21,Hour22,Hour23
Winter,0.00131349,0.00106386,0.000799989,0.000799989,0.000799989,0.000799989,0.000799989,0.000799989,0.000799989,0.000799989,0.000799989,0.000990144,0.001066373,0.001066373,0.001066373,0.001066373,0.001332757,0.001332757,0.007503983,0.013325895,0.009309613,0.004193452,0.001332757,0.001332757
Spring,0.016031618,0.016031618,0.016031618,0.016031618,0.016031618,0.016031618,0.016031618,0.016175699,0.016319781,0.016031618,0.016031618,0.016210045,0.01625863,0.016040832,0.016564385,0.016205018,0.016987416,0.021087885,0.09391204,0.098135648,0.038495819,0.043248007,0.012942235,0.01169911
Summer,0.019570837,0.019351783,0.019304034,0.019304034,0.019304034,0.019037232,0.019037232,0.019037232,0.019037232,0.019037232,0.019315343,0.020385486,0.028916052,0.051700668,0.072278403,0.094061148,0.117859363,0.167222471,0.194890372,0.161022763,0.129586954,0.075813853,0.036183808,0.023845125
Fall,0.001332757,0.00083936,0.000799989,0.000799989,0.000799989,0.000799989,0.000799989,0.009927406,0.000799989,0.000799989,0.000799989,0.000799989,0.000799989,0.000799989,0.000799989,0.001332757,0.001332757,0.001599141,0.013568823,0.013391234,0.017721228,0.001599141,0.001599141,0.001066373
Summer Peak,0.023483664,0.023045555,0.022950059,0.022950059,0.022950059,0.022950059,0.022950059,0.022950059,0.022950059,0.022950059,0.023506282,0.025606358,0.042174094,0.08721391,0.127081857,0.167955026,0.204520819,0.247694272,0.287907345,0.247876887,0.176863807,0.085225245,0.031259057,0.018971892
Winter Peak,0.001294223,0.000799989,0.000799989,0.000799989,0.000799989,0.000799989,0.000799989,0.000799989,0.000799989,0.000799989,0.000799989,0.001180298,0.001332757,0.001332757,0.001332757,0.001332757,0.001332757,0.001332757,0.009784162,0.009784162,0.007054146,0.007054146,0.001332757,0.001332757
