Unit: dimensionless (ratio of electricity demand in this hour to annual demand),Hour0,Hour1,Hour2,Hour3,Hour4,Hour5,Hour6,Hour7,Hour8,Hour9,Hour10,Hour11,Hour12,Hour13,Hour14,Hour15,Hour16,Hour17,Hour18,Hour19,Hour20,Hour21,Hour22,Hour23
Winter,0.494763919,0.489957845,0.488974505,0.487704823,0.490215692,0.496562985,0.505709165,0.506895319,0.496747082,0.432221816,0.3605908,0.327131816,0.308662902,0.283301389,0.262564646,0.248698434,0.24054621,0.258912041,0.298320232,0.33524074,0.355346971,0.35710106,0.346821246,0.330676869
Spring,0.523839777,0.512475494,0.506696137,0.505396563,0.504335562,0.521699894,0.513564432,0.425892402,0.292894541,0.26173216,0.253288286,0.247635198,0.248039149,0.252998871,0.256112036,0.261551136,0.257208795,0.276837045,0.314828053,0.394038889,0.478865378,0.520053359,0.549682065,0.554406008
Summer,0.449068219,0.438278855,0.423491879,0.412416453,0.396686643,0.383124931,0.345844889,0.234801493,0.137834944,0.124489455,0.116860189,0.106587358,0.102416543,0.107300838,0.121464846,0.134187087,0.154010608,0.170558378,0.207298421,0.277795802,0.354480682,0.404315351,0.42667209,0.420087343
Fall,0.430273294,0.422716102,0.415917087,0.412071446,0.403748813,0.397833687,0.391267658,0.333088566,0.226515735,0.214603352,0.219083137,0.224241761,0.228731044,0.24164688,0.253324602,0.275320131,0.296288741,0.319574345,0.355253387,0.438205384,0.519845516,0.541823167,0.535670028,0.534078805
Summer Peak,0.474941516,0.470403625,0.456788835,0.445378738,0.435653169,0.424729155,0.393862334,0.279003746,0.130721652,0.110734148,0.095069987,0.074260053,0.062139828,0.062736537,0.074558408,0.086234454,0.105168778,0.12568818,0.169560791,0.262928371,0.365989113,0.429843641,0.449134426,0.446009528
Winter Peak,0.390150226,0.391321853,0.394329421,0.397672777,0.403860556,0.412784367,0.416351769,0.418573782,0.414917545,0.362659725,0.26760594,0.221411306,0.200757813,0.185194221,0.174008169,0.170046315,0.172153233,0.204159834,0.250756185,0.28795661,0.306204273,0.301243434,0.279699906,0.253435787
