Unit: dimensionless (ratio of electricity demand in this hour to annual demand),Hour0,Hour1,Hour2,Hour3,Hour4,Hour5,Hour6,Hour7,Hour8,Hour9,Hour10,Hour11,Hour12,Hour13,Hour14,Hour15,Hour16,Hour17,Hour18,Hour19,Hour20,Hour21,Hour22,Hour23
Winter,0.499032292,0.493663399,0.476577354,0.460625682,0.443553728,0.437247745,0.439946283,0.445702695,0.436134509,0.425946295,0.373356505,0.298797937,0.299284096,0.325360572,0.355812483,0.38043048,0.388575415,0.376280509,0.367649414,0.355530652,0.339367606,0.345018331,0.350887475,0.346899557
Spring,0.406147462,0.419683401,0.432503275,0.443677354,0.448239381,0.448689809,0.44694007,0.429200136,0.395822267,0.346292511,0.348590848,0.341961472,0.339986519,0.340540892,0.33137064,0.318533442,0.320190786,0.310223623,0.298783906,0.279149865,0.267923814,0.255196335,0.263685171,0.314081134
Summer,0.40780661,0.399792631,0.370505571,0.346720539,0.325711498,0.310846745,0.311317736,0.307578355,0.282223354,0.228009467,0.203125457,0.19346301,0.177977406,0.169435347,0.177642004,0.19512575,0.204274388,0.221858042,0.232091386,0.242089235,0.259801341,0.302982627,0.362248961,0.423106672
Fall,0.416855245,0.41144662,0.402075444,0.39223082,0.381825263,0.372500402,0.370673512,0.375572666,0.383039759,0.381825263,0.354488806,0.324574117,0.306516205,0.294798375,0.280219274,0.276303038,0.276735316,0.280636113,0.279406179,0.273549837,0.281902071,0.288319346,0.283991417,0.277342564
Summer Peak,0.350929644,0.352735005,0.336060646,0.310695886,0.283615472,0.256966775,0.239619612,0.228927614,0.21991763,0.183008651,0.163654285,0.137235463,0.123274753,0.117146618,0.123695257,0.137605506,0.147277083,0.160598628,0.174901347,0.189456369,0.212393423,0.230564774,0.255738906,0.271157361
Winter Peak,0.399354459,0.44613778,0.460009761,0.465913536,0.46642335,0.46793391,0.468833953,0.468198258,0.458322969,0.451991202,0.434720459,0.414227187,0.40278469,0.387635026,0.388440659,0.381485786,0.375009257,0.364794091,0.361659678,0.361596738,0.365895542,0.376072944,0.374688263,0.371623084
