natural gas peaker,Hour0,Hour1,Hour2,Hour3,Hour4,Hour5,Hour6,Hour7,Hour8,Hour9,Hour10,Hour11,Hour12,Hour13,Hour14,Hour15,Hour16,Hour17,Hour18,Hour19,Hour20,Hour21,Hour22,Hour23
Winter,0.002928440729,0.002833785975,0.002554142202,0.002224248719,0.001751178969,0.001826463523,0.002574292491,0.003207484434,0.002123881315,0.001662932942,0.001389205842,0.001568674233,0.001733981015,0.001813898095,0.001958574533,0.002318795462,0.003018582971,0.004181263075,0.01154125532,0.01729239276,0.007738731275,0.005259645601,0.00431208994,0.003649086609
Spring,0.00222233227,0.001800089683,0.001559325071,0.001137748015,0.0009005228133,0.0008713786424,0.0008887187283,0.001118901411,0.001165186008,0.001168192995,0.001297021483,0.001469430097,0.001636417665,0.001729997257,0.001818343361,0.001941690301,0.002278182351,0.003886272633,0.009273049571,0.01104020761,0.004887562763,0.003384626247,0.002791499716,0.002317497033
Summer,0.01051737495,0.009842779908,0.008676407992,0.007171382241,0.006217771999,0.006019050635,0.006947253668,0.0101883101,0.007602768791,0.007310974816,0.006591820748,0.007973490484,0.009854414801,0.01153591182,0.01369696253,0.01574830536,0.01829288922,0.02328118635,0.03686425766,0.0366623988,0.02520164316,0.01702876459,0.01268020358,0.0105524365
Fall,0.01898871494,0.01725909522,0.01488983978,0.01320836185,0.01302239808,0.01255379164,0.01294519259,0.01856744499,0.02314295022,0.0358688839,0.05881560655,0.08279504965,0.1030679263,0.1235453471,0.1399730886,0.1477892186,0.1539868591,0.1645063527,0.187414026,0.1726055499,0.1250091474,0.07284031436,0.03541928234,0.02261154568
Summer Peak,0.01954402532,0.01768626442,0.01406078886,0.01330641042,0.01372063639,0.01428061347,0.01963487019,0.0331462639,0.04951564379,0.07619541696,0.1189852795,0.1669839804,0.201147973,0.2344515017,0.2541659692,0.2573889322,0.2638823769,0.2734497057,0.2907687306,0.2707296839,0.2076787539,0.133403458,0.05349438276,0.02783313695
Winter Peak,0.008540994828,0.008255189555,0.007678820468,0.0066528791,0.007167094325,0.009635385973,0.02005739532,0.03183163551,0.02533439729,0.02323924844,0.01948622402,0.01802806075,0.01728631407,0.0161221554,0.01567719524,0.01407539725,0.02047387744,0.02834823733,0.04357044287,0.04209024389,0.03475154927,0.0260191879,0.0218764024,0.01482453796
