Unit: dimensionless (ratio of electricity demand in this hour to annual demand),Hour0,Hour1,Hour2,Hour3,Hour4,Hour5,Hour6,Hour7,Hour8,Hour9,Hour10,Hour11,Hour12,Hour13,Hour14,Hour15,Hour16,Hour17,Hour18,Hour19,Hour20,Hour21,Hour22,Hour23
Winter,0.014533413,0.012447949,0.012447949,0.012447949,0.012447949,0.012447949,0.012447949,0.012447949,0.012447949,0.012447949,0.012447949,0.014805711,0.015199032,0.014444807,0.013926143,0.015199032,0.015199032,0.041108487,0.16349819,0.139823315,0.080624241,0.044868805,0.012521426,0.012521426
Spring,0.006677806,0.004127705,0.004127705,0.004127705,0.004127705,0.004127705,0.004127705,0.004127705,0.004127705,0.004127705,0.004127705,0.004127705,0.004127705,0.006876627,0.006876627,0.006876627,0.006876627,0.006876627,0.110574958,0.143000136,0.086889277,0.006876627,0.006876627,0.006876627
Summer,0.070155862,0.070155862,0.070155862,0.070155862,0.070155862,0.066456055,0.066456055,0.066456055,0.066456055,0.066456055,0.066456055,0.114073782,0.212047352,0.382396237,0.528975158,0.634988028,0.737774373,0.845157383,0.92561522,0.807113339,0.579434734,0.301698518,0.100154122,0.077410682
Fall,0.102790667,0.092983585,0.090234663,0.090234663,0.090234663,0.090234663,0.090234663,0.090234663,0.090234663,0.090234663,0.092983585,0.092983585,0.092983585,0.093104607,0.101982415,0.156247692,0.34960151,0.527261404,0.535443337,0.329369271,0.289989666,0.194179359,0.093994981,0.090908927
Summer Peak,0.102263358,0.102263358,0.102263358,0.102263358,0.102263358,0.099510114,0.099510114,0.099510114,0.099510114,0.099510114,0.099510114,0.18626108,0.381693879,0.717498912,0.95,0.95,0.95,0.95,0.95,0.95,0.95,0.510188696,0.179937695,0.134450815
Winter Peak,0.022389019,0.020768193,0.020768193,0.020768193,0.020768193,0.020768193,0.020768193,0.020768193,0.020768193,0.020768193,0.020768193,0.023521437,0.023521437,0.022012987,0.020975658,0.023521437,0.023521437,0.075340346,0.276513032,0.229163282,0.124851199,0.053340326,0.018166225,0.018166225
