Unit: dimensionless (ratio of electricity demand in this hour to annual demand),Hour0,Hour1,Hour2,Hour3,Hour4,Hour5,Hour6,Hour7,Hour8,Hour9,Hour10,Hour11,Hour12,Hour13,Hour14,Hour15,Hour16,Hour17,Hour18,Hour19,Hour20,Hour21,Hour22,Hour23
Winter,0.644348616,0.644348616,0.644348616,0.643980779,0.643980779,0.644348616,0.644591231,0.653254966,0.656549846,0.656549846,0.656416798,0.651807097,0.651807097,0.651807097,0.651807097,0.651807097,0.661073458,0.661073458,0.665816207,0.665816207,0.665816207,0.665816207,0.665816207,0.656549846
Spring,0.656440277,0.656440277,0.656440277,0.656440277,0.656440277,0.656440277,0.656440277,0.656440277,0.65496893,0.65496893,0.65496893,0.65496893,0.65496893,0.662607416,0.662607416,0.66423529,0.66423529,0.664939659,0.666411007,0.666411007,0.666411007,0.666411007,0.664783133,0.656972467
Summer,0.661597821,0.661597821,0.661597821,0.661597821,0.661597821,0.661597821,0.661597821,0.664783133,0.664783133,0.664783133,0.665010096,0.66559707,0.665824033,0.666411007,0.666411007,0.666411007,0.666411007,0.666411007,0.666411007,0.666411007,0.666411007,0.665824033,0.665010096,0.664783133
Fall,0.657144646,0.657144646,0.657144646,0.657144646,0.657144646,0.657144646,0.657144646,0.657144646,0.657144646,0.645608653,0.645608653,0.645608653,0.645608653,0.645608653,0.645608653,0.653701066,0.653701066,0.665237059,0.665237059,0.665237059,0.665237059,0.665237059,0.657144646,0.657144646
Summer Peak,0.664783133,0.664783133,0.664783133,0.664783133,0.664783133,0.664783133,0.664783133,0.664783133,0.664783133,0.664783133,0.665237059,0.666411007,0.666411007,0.666411007,0.666411007,0.666411007,0.666411007,0.666411007,0.666411007,0.666411007,0.666411007,0.666411007,0.665237059,0.664783133
Winter Peak,0.643542505,0.643542505,0.643542505,0.643542505,0.643542505,0.644278179,0.64476341,0.650554886,0.657144646,0.657144646,0.657144646,0.657144646,0.657144646,0.657144646,0.657144646,0.657144646,0.666411007,0.666411007,0.666411007,0.666411007,0.666411007,0.666411007,0.666411007,0.657144646
