Unit: dimensionless (ratio of electricity demand in this hour to annual demand),Hour0,Hour1,Hour2,Hour3,Hour4,Hour5,Hour6,Hour7,Hour8,Hour9,Hour10,Hour11,Hour12,Hour13,Hour14,Hour15,Hour16,Hour17,Hour18,Hour19,Hour20,Hour21,Hour22,Hour23
Winter,0.00406065,0.002132571,0.000964039,0.000516102,0.000506364,0.000477151,0.000399249,0,0.010740759,0.077551591,0.242071196,0.369129604,0.43797563,0.485963355,0.514865053,0.505263613,0.506402932,0.470460827,0.372956548,0.234027799,0.121556569,0.064055044,0.012269589,0.00562843
Spring,0.007048952,0.004683468,0.002412984,0.002241985,0.002374984,0.004502969,0.020766859,0.071230516,0.17380132,0.318409338,0.460119876,0.583505039,0.641084148,0.661575509,0.676623407,0.654707056,0.608613368,0.557370716,0.466636832,0.367248507,0.264991201,0.152977462,0.077367475,0.019940365
Summer,0.003305346,0.002335879,0.001259543,0.001045802,0.000412214,0.000175573,0.003702292,0.02768704,0.108091668,0.260763516,0.392061305,0.497794193,0.565412554,0.586305697,0.577847676,0.570198817,0.545061397,0.492717854,0.413290325,0.323030729,0.20805356,0.121542058,0.049603083,0.006641225
Fall,0.004181752,0.001294122,0.000511854,0.000299386,0.000251098,0.000193153,0.000318702,0.005755946,0.057298699,0.172398295,0.307189791,0.412206824,0.505740939,0.557930754,0.565125686,0.548727035,0.499106149,0.433212162,0.331111732,0.173769678,0.08517061,0.015925426,0.005485532,0.00191221
Summer Peak,0.005214651,0.001334389,0.000166799,0,0,0,0.01005181,0.05236598,0.151769163,0.31371304,0.452665048,0.554201498,0.626082913,0.649759535,0.649548842,0.645405214,0.613687144,0.562796015,0.474691242,0.367527534,0.225371238,0.116811689,0.049179249,0.010806793
Winter Peak,0.003682627,0.000854733,0.000272787,0,0,0,0,0,0.011629826,0.069506167,0.17383816,0.261393743,0.312759564,0.359842626,0.383293229,0.382520332,0.344193737,0.266913136,0.176820633,0.102367926,0.061486224,0.018249461,0.003846299,0.003018844
