Unit: dimensionless (ratio of electricity demand in this hour to annual demand),Hour0,Hour1,Hour2,Hour3,Hour4,Hour5,Hour6,Hour7,Hour8,Hour9,Hour10,Hour11,Hour12,Hour13,Hour14,Hour15,Hour16,Hour17,Hour18,Hour19,Hour20,Hour21,Hour22,Hour23
Winter,0.421593881,0.36524373,0.316362675,0.289442218,0.280189702,0.28538985,0.316304649,0.344980556,0.371397968,0.361392005,0.285756276,0.262770115,0.257086965,0.252033668,0.249446574,0.253020781,0.277013538,0.324606392,0.432852167,0.538834367,0.554856168,0.537158511,0.505479618,0.469690129
Spring,0.529079297,0.491135594,0.449244412,0.418470232,0.401518021,0.404016704,0.415026629,0.424947546,0.375667127,0.299904663,0.27263337,0.274373467,0.280077182,0.282690695,0.285892946,0.291221573,0.304948745,0.341370076,0.393073144,0.523695005,0.623690643,0.59872372,0.570618239,0.551740603
Summer,0.510339015,0.470919415,0.413850134,0.367617695,0.339173837,0.323834445,0.321532459,0.315948797,0.257057634,0.235087915,0.241791088,0.261398687,0.283885833,0.303897682,0.319386566,0.339072834,0.357778203,0.38830099,0.436881555,0.501135133,0.563803028,0.548753428,0.532678622,0.522742069
Fall,0.356371391,0.286533405,0.238670079,0.211955043,0.200143197,0.198653561,0.205599371,0.219931523,0.225275427,0.191789935,0.190471044,0.196508229,0.202343082,0.208364836,0.210329989,0.218379798,0.238426384,0.272539527,0.363836412,0.488576161,0.487069701,0.459823727,0.436354101,0.399497412
Summer Peak,0.520208726,0.492277981,0.429645828,0.374938207,0.346582421,0.325346281,0.322673686,0.337172453,0.281891865,0.256730716,0.264795679,0.30525431,0.361024311,0.402851977,0.423781242,0.468175023,0.497155141,0.535707043,0.581978453,0.630579427,0.616180526,0.598306789,0.547765577,0.532992782
Winter Peak,0.474404905,0.428374896,0.375663729,0.346559935,0.332940789,0.336330309,0.369885783,0.424694153,0.472126045,0.494230785,0.382174694,0.338989897,0.327130436,0.317895951,0.308154636,0.311537542,0.344561496,0.365845255,0.51695611,0.626012228,0.6326429,0.62694057,0.601634802,0.554256921
