Unit: dimensionless (ratio of electricity demand in this hour to annual demand),Hour0,Hour1,Hour2,Hour3,Hour4,Hour5,Hour6,Hour7,Hour8,Hour9,Hour10,Hour11,Hour12,Hour13,Hour14,Hour15,Hour16,Hour17,Hour18,Hour19,Hour20,Hour21,Hour22,Hour23
Winter,0.493453136,0.488144267,0.471249243,0.45547591,0.43859482,0.432359337,0.435027705,0.440719761,0.431258548,0.421184236,0.369182398,0.295457391,0.295938115,0.321723057,0.351834518,0.376177286,0.384231162,0.372073711,0.363539112,0.351555837,0.335573493,0.341161043,0.346964571,0.343021237
Spring,0.359897028,0.400447362,0.41379333,0.426433282,0.437450538,0.441948539,0.442392646,0.440667463,0.423176502,0.390267076,0.341432448,0.34369853,0.337162194,0.335214958,0.335761551,0.326719999,0.314062965,0.315697049,0.305869771,0.294590606,0.27523212,0.264163621,0.251614767,0.259984466
Summer,0.392439852,0.405973241,0.397995291,0.368839896,0.345161794,0.324247203,0.309449277,0.309918151,0.306195581,0.280954568,0.226984409,0.202212269,0.192593262,0.177177276,0.168673619,0.176843382,0.194248527,0.203356036,0.220860639,0.231047977,0.241000879,0.258633357,0.301620514,0.360620405
Fall,0.418267419,0.412840472,0.403437549,0.393559574,0.383118767,0.373762316,0.371929237,0.376844988,0.384337377,0.383118767,0.355689702,0.325673671,0.307554585,0.295797058,0.281168568,0.277239065,0.277672808,0.28158682,0.280352719,0.274476537,0.282857067,0.289296081,0.28495349,0.278282113
Summer Peak,0.342054976,0.347811924,0.349601246,0.333075025,0.30793561,0.281095783,0.254683838,0.23749079,0.226893781,0.217963843,0.181382771,0.162200352,0.13601624,0.122179559,0.116105867,0.122596326,0.136382995,0.145968648,0.159171842,0.173347494,0.187773206,0.210506483,0.228516396,0.253466877
Winter Peak,0.390775146,0.436553423,0.450127393,0.455904337,0.456403199,0.457881308,0.458762015,0.458139977,0.448476838,0.442281096,0.42538138,0.405328364,0.394131686,0.379307481,0.380095806,0.373290345,0.366952951,0.356957237,0.35389016,0.353828572,0.358035025,0.367993786,0.366638853,0.363639523
