Unit: dimensionless (ratio of electricity demand in this hour to annual demand),Hour0,Hour1,Hour2,Hour3,Hour4,Hour5,Hour6,Hour7,Hour8,Hour9,Hour10,Hour11,Hour12,Hour13,Hour14,Hour15,Hour16,Hour17,Hour18,Hour19,Hour20,Hour21,Hour22,Hour23
Winter,0.365849856,0.349913404,0.346072,0.347196219,0.360826037,0.400642601,0.45052294,0.460056193,0.427480062,0.403470981,0.394047342,0.390011396,0.382925029,0.369811167,0.362803161,0.376115598,0.432704901,0.494967753,0.518297703,0.520298711,0.514440246,0.492559868,0.447717833,0.400830203
Spring,0.191864214,0.180242022,0.177015226,0.177664504,0.182359144,0.199305215,0.213573097,0.210644726,0.205401833,0.204661052,0.213490881,0.224517545,0.234168087,0.239400794,0.24596736,0.253688389,0.276847585,0.316809122,0.335778412,0.350773397,0.349968337,0.335057223,0.277955983,0.221050775
Summer,0.46442573,0.431105487,0.411393028,0.403885075,0.407326493,0.41713213,0.417508856,0.433174761,0.456824596,0.480316592,0.528364009,0.577193711,0.61584413,0.639896626,0.653937365,0.664268182,0.672148927,0.680019304,0.692455385,0.702257489,0.698541349,0.676371731,0.608479495,0.523525816
Fall,0.297189718,0.284640937,0.280680065,0.280237278,0.28441317,0.308426864,0.337302494,0.327946464,0.3242186,0.327476131,0.337493225,0.357703662,0.379431335,0.395059912,0.402662488,0.419760626,0.459992817,0.489584577,0.504227025,0.5040255,0.49327265,0.448706814,0.381296942,0.32245771
Summer Peak,0.564115627,0.520384033,0.494781459,0.48940927,0.501183209,0.525615268,0.527045464,0.546872368,0.579515518,0.614746842,0.680631621,0.738758618,0.763784626,0.774250361,0.779149646,0.781954099,0.78548271,0.788898388,0.789404055,0.790261899,0.788482371,0.77657601,0.74003743,0.657587303
Winter Peak,0.432081964,0.419530878,0.413321071,0.415322355,0.427487344,0.467571285,0.534833375,0.560427942,0.542860213,0.535422477,0.540766855,0.537732219,0.528918225,0.514286527,0.500322837,0.514798305,0.572702492,0.610205422,0.624896957,0.624535616,0.622690772,0.617288243,0.580847214,0.533262224
