Unit: dimensionless (ratio of electricity demand in this hour to annual demand),Hour0,Hour1,Hour2,Hour3,Hour4,Hour5,Hour6,Hour7,Hour8,Hour9,Hour10,Hour11,Hour12,Hour13,Hour14,Hour15,Hour16,Hour17,Hour18,Hour19,Hour20,Hour21,Hour22,Hour23
Winter,0,0,0,0,0,0,0,0,0,0.008274142,0.376152335,0.549342602,0.54953151,0.51027656,0.497997582,0.511410005,0.547415747,0.51515037,0.227331117,0,0,0,0,0
Spring,0,0,0,0,0,0,0,0,0.168429802,0.454359982,0.534834517,0.721626115,0.724270818,0.71663896,0.712407435,0.689662989,0.698579417,0.540199486,0.516699411,0.25872752,0.009823183,0,0,0
Summer,0,0,0,0,0,0,0,0.039708327,0.297831344,0.502720266,0.588484207,0.650936981,0.684335802,0.683693517,0.678252985,0.555387638,0.507820765,0.456589089,0.386995617,0.309468037,0.105108055,0,0,0
Fall,0,0,0,0,0,0,0,0,0.10933958,0.31184827,0.407359831,0.490932447,0.481713768,0.492368143,0.436451564,0.356657095,0.357941665,0.361341998,0.317137676,0.162762581,0.014810337,0,0,0
Summer Peak,0,0,0,0,0,0,0,0,0.143494031,0.321747015,0.428819707,0.549493728,0.621958592,0.623545413,0.614931238,0.366933656,0.277013752,0.187925042,0.096191628,0.076016322,0.022366631,0,0,0
Winter Peak,0,0,0,0,0,0,0,0,0,0.008538613,0.361039746,0.514961463,0.529847363,0.488589995,0.480126946,0.485718604,0.522517757,0.47612211,0.167749736,0,0,0,0,0
