Unit: dimensionless (ratio of electricity demand in this hour to annual demand),Hour0,Hour1,Hour2,Hour3,Hour4,Hour5,Hour6,Hour7,Hour8,Hour9,Hour10,Hour11,Hour12,Hour13,Hour14,Hour15,Hour16,Hour17,Hour18,Hour19,Hour20,Hour21,Hour22,Hour23
Winter,0.43692407,0.38623749,0.330845108,0.29978619,0.283209447,0.278388428,0.307605945,0.360252242,0.401081332,0.426941547,0.301765025,0.255936665,0.246944593,0.246028542,0.238392205,0.24196289,0.281636196,0.320620269,0.459340699,0.590610792,0.572958348,0.566658111,0.542970998,0.517372733
Spring,0.456299597,0.419947943,0.385371556,0.337666662,0.331276525,0.320499885,0.328062857,0.305997044,0.232121934,0.21367899,0.216370825,0.232667535,0.232668568,0.234813769,0.250809778,0.254741614,0.25940505,0.275930126,0.301631208,0.340451497,0.491537318,0.499258389,0.496302021,0.495419553
Summer,0.47186264,0.409043687,0.338227762,0.282239663,0.24697766,0.237289121,0.238910938,0.249734078,0.24243874,0.232634468,0.232691818,0.245427142,0.260922501,0.319749168,0.358124091,0.418185592,0.445014041,0.503255325,0.54091053,0.572503165,0.536989544,0.510823979,0.497831355,0.495353937
Fall,0.502429691,0.456699498,0.396838463,0.393284828,0.376255484,0.36782038,0.384633756,0.409729304,0.362091576,0.262017318,0.26469882,0.273883092,0.276220493,0.276261827,0.280743396,0.285670332,0.300077074,0.338052096,0.362195943,0.529471006,0.586925406,0.570913897,0.520090401,0.517046199
Summer Peak,0.450917994,0.396627663,0.342659732,0.296964672,0.26422762,0.250957545,0.25388808,0.273712592,0.252457946,0.232690268,0.232696468,0.256564415,0.277875894,0.337828895,0.384101589,0.481773345,0.517356199,0.583563971,0.595192078,0.594441877,0.542997348,0.519495201,0.499338989,0.497492421
Winter Peak,0.450273194,0.41515224,0.36298541,0.332622959,0.31090848,0.305665344,0.332545459,0.372901282,0.408693903,0.434626452,0.328297423,0.287618166,0.265691854,0.273789058,0.261919152,0.26489412,0.318301984,0.34005883,0.50046119,0.595149711,0.598901747,0.598324113,0.593396143,0.556563989
