Unit: dimensionless (ratio of electricity demand in this hour to annual demand),Hour0,Hour1,Hour2,Hour3,Hour4,Hour5,Hour6,Hour7,Hour8,Hour9,Hour10,Hour11,Hour12,Hour13,Hour14,Hour15,Hour16,Hour17,Hour18,Hour19,Hour20,Hour21,Hour22,Hour23
Winter,0.444639086,0.428844855,0.420954849,0.419734849,0.428965729,0.469458593,0.541623467,0.565610482,0.536015851,0.512946946,0.521694329,0.519531036,0.514352109,0.497845371,0.487091121,0.505611836,0.582141217,0.671666651,0.689915696,0.686347536,0.683049862,0.660018287,0.621811367,0.586775618
Spring,0.132804627,0.127750425,0.126920896,0.127685248,0.127115836,0.128415233,0.143001908,0.154587465,0.166116733,0.160932177,0.170222309,0.179550362,0.189783195,0.196728722,0.211909103,0.229275884,0.258030914,0.277447225,0.285919678,0.288369751,0.284873879,0.273768264,0.205229617,0.138387949
Summer,0.440876876,0.418197554,0.403015989,0.401427441,0.410399982,0.426834432,0.436094049,0.471456573,0.494047906,0.531414632,0.585670567,0.635748046,0.657366164,0.679639017,0.69036453,0.699000223,0.714243411,0.717209569,0.725218672,0.74105201,0.738320193,0.71465936,0.647165624,0.541865512
Fall,0.52699028,0.498991899,0.493438202,0.494649907,0.497093463,0.508606732,0.529252524,0.531808658,0.579257715,0.604580865,0.650331758,0.722097865,0.774564981,0.806632793,0.811894377,0.816835407,0.82527705,0.829850717,0.837753758,0.840857974,0.822809793,0.782081106,0.664343688,0.577535258
Summer Peak,0.568209574,0.530155525,0.510360594,0.507344663,0.51934617,0.54412183,0.546728922,0.596297426,0.646774264,0.702215833,0.779292111,0.839384967,0.859637325,0.869067884,0.873334626,0.875751518,0.880534345,0.880943777,0.881502524,0.884444982,0.881725312,0.868038083,0.824235991,0.712237136
Winter Peak,0.541867289,0.519608064,0.503828053,0.502069451,0.514066218,0.546887717,0.610495407,0.630023111,0.585669382,0.586234054,0.61509633,0.609159865,0.592162224,0.568956743,0.556533954,0.579755433,0.661724746,0.712096708,0.722340799,0.718417127,0.716063042,0.714103576,0.688584895,0.65652834
