Unit: dimensionless (ratio of electricity demand in this hour to annual demand),Hour0,Hour1,Hour2,Hour3,Hour4,Hour5,Hour6,Hour7,Hour8,Hour9,Hour10,Hour11,Hour12,Hour13,Hour14,Hour15,Hour16,Hour17,Hour18,Hour19,Hour20,Hour21,Hour22,Hour23
Winter,0.039829022,0.035826551,0.035610063,0.0355342,0.0355342,0.03568956,0.037972369,0.044627655,0.042172661,0.03648194,0.036711819,0.036899684,0.037245249,0.037478015,0.038192541,0.04253082,0.053076673,0.089593259,0.121445167,0.109861324,0.083954856,0.068203477,0.060465749,0.050588775
Spring,0.058778581,0.054106648,0.052059616,0.051343796,0.051027575,0.050249967,0.048788397,0.048890568,0.048907991,0.049107355,0.049779806,0.050641105,0.052605441,0.057440525,0.062728597,0.07227214,0.084760975,0.119083196,0.183230927,0.244226597,0.210963795,0.146946547,0.094764413,0.071354529
Summer,0.231485766,0.219586227,0.212813731,0.209737071,0.206104995,0.202707759,0.202464761,0.202790009,0.204541925,0.210367103,0.226529604,0.261751899,0.291912949,0.323752483,0.359191652,0.396283841,0.460198932,0.551499512,0.632775185,0.638111143,0.54546213,0.420637282,0.299435297,0.251352328
Fall,0.050231697,0.045681414,0.043421804,0.042463549,0.042246484,0.041795088,0.039457962,0.039589533,0.039439568,0.039607833,0.039970452,0.041173362,0.043502136,0.048118861,0.053405455,0.067268018,0.101963888,0.141942504,0.223133428,0.215010732,0.142898883,0.088383706,0.068802109,0.056381481
Summer Peak,0.322263542,0.306659508,0.301580669,0.299281682,0.298916454,0.297863133,0.297863133,0.297863133,0.297863133,0.297863133,0.307676191,0.368917645,0.449510436,0.541543208,0.637013012,0.706368471,0.792096202,0.95,0.95,0.95,0.906257873,0.624952487,0.406935661,0.370140413
Winter Peak,0.103626172,0.103288422,0.103288422,0.103288422,0.103288422,0.103288422,0.103288422,0.118120784,0.116114895,0.108456564,0.109796114,0.111805438,0.114988299,0.115074168,0.117123564,0.121275022,0.13229711,0.347911906,0.463406258,0.437520896,0.328316702,0.187441896,0.120463278,0.106601804
