Unit: dimensionless (ratio of electricity demand in this hour to annual demand),Hour0,Hour1,Hour2,Hour3,Hour4,Hour5,Hour6,Hour7,Hour8,Hour9,Hour10,Hour11,Hour12,Hour13,Hour14,Hour15,Hour16,Hour17,Hour18,Hour19,Hour20,Hour21,Hour22,Hour23
Winter,0.011798644,0.009774025,0.009843839,0.009808932,0.009948561,0.010053282,0.01008819,0.011938273,0.010821241,0.01096087,0.013544005,0.013648727,0.013788356,0.010995778,0.011519386,0.011763737,0.012566603,0.012810954,0.011554293,0.011624108,0.011728829,0.011763737,0.011868458,0.011659015
Spring,0.013299655,0.01235716,0.012461881,0.013439284,0.013578913,0.013718542,0.013404377,0.012671325,0.012182623,0.011659015,0.011484479,0.011379757,0.011484479,0.010123097,0.009983468,0.01008819,0.010018375,0.010018375,0.010158004,0.010611798,0.01071652,0.010681613,0.01071652,0.01197318
Summer,0.012217531,0.012287345,0.012566603,0.012531696,0.012531696,0.012566603,0.012531696,0.012392067,0.01260151,0.014381779,0.014067614,0.014416686,0.013927985,0.01424215,0.014032707,0.013927985,0.013194933,0.013090211,0.012845861,0.011205221,0.011309943,0.011414664,0.011659015,0.011938273
Fall,0.011833551,0.012077902,0.01235716,0.012531696,0.012531696,0.012496789,0.012461881,0.012392067,0.01235716,0.012252438,0.012217531,0.011903366,0.011903366,0.011693922,0.011659015,0.011414664,0.011903366,0.012496789,0.012776046,0.01298549,0.012671325,0.012741139,0.012880768,0.012252438
Summer Peak,0.048067256,0.033371312,0.028135228,0.028693744,0.028728651,0.029636239,0.031660858,0.043005708,0.059063034,0.083812261,0.113553221,0.115542933,0.125561308,0.128633145,0.144097048,0.146540554,0.164552685,0.166228232,0.134602281,0.120709203,0.116869408,0.10297633,0.074736381,0.06150654
Winter Peak,0.05508361,0.021014153,0.018745183,0.019687678,0.024225618,0.038956469,0.095994884,0.14633111,0.130413413,0.101754577,0.064089675,0.023736917,0.028414486,0.032882611,0.036163891,0.037071479,0.038328139,0.037979067,0.039584799,0.037664902,0.035710097,0.032079745,0.026354959,0.020141472
