Unit: dimensionless (ratio of electricity demand in this hour to annual demand),Hour0,Hour1,Hour2,Hour3,Hour4,Hour5,Hour6,Hour7,Hour8,Hour9,Hour10,Hour11,Hour12,Hour13,Hour14,Hour15,Hour16,Hour17,Hour18,Hour19,Hour20,Hour21,Hour22,Hour23
Winter,0.619617531,0.619617531,0.619617531,0.619617531,0.619617531,0.619965943,0.620195747,0.622938565,0.626059448,0.626059448,0.626059448,0.626059448,0.626059448,0.626059448,0.626059448,0.626059448,0.631218912,0.631218912,0.631218912,0.631218912,0.631218912,0.631218912,0.631218912,0.626059448
Spring,0.617371385,0.617371385,0.617371385,0.617371385,0.617371385,0.617371385,0.618038557,0.622441893,0.62218985,0.619906639,0.619906639,0.619906639,0.619906639,0.627141749,0.627141749,0.628683658,0.629158092,0.629158092,0.631218912,0.631218912,0.631218912,0.63055174,0.629009831,0.621774721
Summer,0.629128439,0.629128439,0.629128439,0.629128439,0.629128439,0.629128439,0.629128439,0.629462026,0.629677003,0.629677003,0.629891981,0.630662935,0.630662935,0.631218912,0.631218912,0.631218912,0.631218912,0.631218912,0.631218912,0.631218912,0.631218912,0.630662935,0.630447958,0.628757788
Fall,0.606978327,0.606978327,0.606978327,0.60674111,0.60674111,0.60674111,0.616867299,0.620484855,0.621181679,0.61956564,0.618720555,0.616585604,0.616585604,0.616585604,0.616585604,0.625362624,0.625362624,0.625792579,0.629158092,0.63055174,0.630966869,0.629825264,0.620188334,0.620188334
Summer Peak,0.629247048,0.629247048,0.629247048,0.629247048,0.629247048,0.629247048,0.629247048,0.629247048,0.629677003,0.629677003,0.630106959,0.631218912,0.631218912,0.631218912,0.631218912,0.631218912,0.631218912,0.631218912,0.631218912,0.631218912,0.631218912,0.631218912,0.631218912,0.629677003
Winter Peak,0.629677003,0.629677003,0.629677003,0.629677003,0.629677003,0.629677003,0.629677003,0.629677003,0.629677003,0.629677003,0.629677003,0.629677003,0.629677003,0.629677003,0.629677003,0.629677003,0.631218912,0.631218912,0.631218912,0.631218912,0.631218912,0.631218912,0.631218912,0.629677003
