solar thermal,Hour0,Hour1,Hour2,Hour3,Hour4,Hour5,Hour6,Hour7,Hour8,Hour9,Hour10,Hour11,Hour12,Hour13,Hour14,Hour15,Hour16,Hour17,Hour18,Hour19,Hour20,Hour21,Hour22,Hour23
Winter,0,0,0,0,0,0,0,0.004983362785,0.1385866948,0.4423233298,0.6350231504,0.6819654241,0.6787080602,0.6697646928,0.6633405494,0.6685711829,0.6702984059,0.6471467625,0.510550475,0.2400338103,0.0264861264,0,0,0
Spring,0,0,0,0,0,0,0,0.0143822792,0.1101114748,0.2453545804,0.4735449362,0.5769640226,0.5803213756,0.5722404404,0.5623508041,0.5695361217,0.573313629,0.5305753017,0.3544481756,0.144338039,0.03868427506,9.703332346e-07,0,0
Summer,0,0,0,0,0,0,0,0.00630520905,0.0955844284,0.3351596388,0.557242073,0.6206652548,0.6172585698,0.6089320832,0.5993285076,0.6034071689,0.6104565664,0.5746800213,0.40850734,0.156251505,0.02411357998,0,0,0
Fall,0,0,0,0,0,0,0,0.01145616469,0.2390508478,0.5129231114,0.6135268134,0.6511147238,0.6597493088,0.6547702304,0.657558147,0.6484981829,0.6307317173,0.6085921091,0.540985895,0.3727132432,0.09505694126,4.59042261e-06,0,0
Summer Peak,0,0,0,0,0,0,0,0.00855790787,0.248901328,0.5098703671,0.60968905,0.6463607462,0.6602968158,0.6658635817,0.6417664699,0.6303824485,0.6226378955,0.5962303843,0.5382641144,0.3765744687,0.1101919046,0,0,0
Winter Peak,0,0,0,0,0,0,0,0,0.00337365459,0.07028977512,0.3768069821,0.5018629472,0.497972105,0.479440875,0.4706447072,0.4860688331,0.5024199185,0.4615979023,0.2031711866,0.007773727676,0,0,0,0
