Unit: dimensionless (ratio of electricity demand in this hour to annual demand),Hour0,Hour1,Hour2,Hour3,Hour4,Hour5,Hour6,Hour7,Hour8,Hour9,Hour10,Hour11,Hour12,Hour13,Hour14,Hour15,Hour16,Hour17,Hour18,Hour19,Hour20,Hour21,Hour22,Hour23
Winter,0.485284001,0.477697004,0.474907386,0.477077873,0.490136092,0.524149093,0.554206576,0.562152379,0.530529597,0.500474584,0.48025683,0.468538884,0.464410405,0.455408656,0.457060436,0.481764063,0.520160572,0.5629983,0.600362336,0.603304795,0.586519791,0.568561298,0.546415555,0.518559268
Spring,0.364607899,0.360193152,0.355068911,0.354702869,0.360684503,0.388127095,0.415102338,0.400541122,0.392263339,0.375276429,0.378251362,0.383757177,0.392426416,0.400279209,0.401146839,0.415803008,0.438476812,0.483421314,0.505988517,0.524523607,0.521782348,0.492189742,0.4362915,0.381420082
Summer,0.595144202,0.551673929,0.532893694,0.529860343,0.535650484,0.549215409,0.542904972,0.54499692,0.54287691,0.554708869,0.6012665,0.641422977,0.674386208,0.693762454,0.707848027,0.719638158,0.729092607,0.740863677,0.752948724,0.764242739,0.767124661,0.748506092,0.695837282,0.633399341
Fall,0.525831758,0.499268445,0.492908414,0.484981142,0.482665579,0.483793357,0.465038713,0.449683287,0.459980127,0.4638061,0.498455174,0.550632985,0.587162042,0.604931513,0.613015155,0.634389985,0.646769067,0.659742217,0.676966684,0.691298815,0.693311519,0.672790906,0.630519184,0.566463525
Summer Peak,0.608158475,0.547147993,0.521451956,0.517427255,0.520795763,0.533205554,0.521792584,0.538267317,0.567621307,0.60184539,0.642868968,0.697892873,0.716349601,0.726799635,0.732262386,0.73675726,0.743897028,0.748299774,0.759975362,0.766626603,0.779891317,0.771267612,0.723711748,0.658466893
Winter Peak,0.493576256,0.483663813,0.480420613,0.479525098,0.488114917,0.526037194,0.55621222,0.570401394,0.53483386,0.505935217,0.488472841,0.47130591,0.464839278,0.456213102,0.454270642,0.475300961,0.523604441,0.556882886,0.59722662,0.60934626,0.594400292,0.577993332,0.558121147,0.535581123
