hydro,Hour0,Hour1,Hour2,Hour3,Hour4,Hour5,Hour6,Hour7,Hour8,Hour9,Hour10,Hour11,Hour12,Hour13,Hour14,Hour15,Hour16,Hour17,Hour18,Hour19,Hour20,Hour21,Hour22,Hour23
Winter,0.4534914512,0.4068766139,0.3646079394,0.3413943262,0.3322395463,0.3424465955,0.3620830112,0.3846965109,0.3958978322,0.3900232668,0.3761778406,0.3714255798,0.3664418644,0.3616616528,0.3579703983,0.3624742443,0.3792512306,0.4254621441,0.4852410705,0.5615071758,0.613551104,0.6005582979,0.5592005569,0.5126976417
Spring,0.4663713463,0.4172615785,0.3701544673,0.3432647584,0.3290219823,0.3315782513,0.3486408785,0.3688598353,0.3738723914,0.3682975034,0.3675233988,0.3682340842,0.3638066009,0.3601597294,0.3585776881,0.3635181453,0.3863272829,0.4260220243,0.4632727059,0.5147524514,0.5677914873,0.5574152578,0.5167977296,0.4718776731
Summer,0.4584285881,0.4041266161,0.3592829715,0.329032021,0.3167603869,0.3209372397,0.3452890332,0.367206303,0.3679387842,0.3855704315,0.3746080607,0.368710777,0.367041808,0.3704310787,0.3743713146,0.3814462894,0.4024018895,0.4421642549,0.4852960492,0.5350089781,0.5836117191,0.5649138959,0.5204847024,0.4774925012
Fall,0.4759066179,0.4295771014,0.3816922698,0.3445531059,0.3222433452,0.3047346272,0.3084644361,0.3086298238,0.291090382,0.3036665284,0.3257952019,0.3566084425,0.387420188,0.4127288008,0.4359865625,0.4542361248,0.4748000781,0.4998642991,0.5184734555,0.5401381848,0.5689987508,0.5516360313,0.513176756,0.4909819805
Summer Peak,0.4593506825,0.4241025878,0.3770559461,0.3389576658,0.3055061055,0.2989628793,0.2981772449,0.3120048267,0.2770345048,0.3004165276,0.3234968809,0.3535954365,0.3899170233,0.4188933068,0.4379746747,0.4620150651,0.4783888609,0.4959465343,0.5155875037,0.5407342716,0.563856828,0.5480029518,0.5097394768,0.4893421411
Winter Peak,0.4295533471,0.3688303968,0.3214854508,0.2924048984,0.2870881585,0.2864262942,0.3273087478,0.384429246,0.4259763374,0.4508723973,0.4174727851,0.3985708842,0.3811311381,0.3652281858,0.3628891724,0.3601886597,0.3716346084,0.4237381289,0.4873101466,0.5711266043,0.5885216152,0.5658693104,0.5156955545,0.4674782112
