Unit: dimensionless (ratio of electricity demand in this hour to annual demand),Hour0,Hour1,Hour2,Hour3,Hour4,Hour5,Hour6,Hour7,Hour8,Hour9,Hour10,Hour11,Hour12,Hour13,Hour14,Hour15,Hour16,Hour17,Hour18,Hour19,Hour20,Hour21,Hour22,Hour23
Winter,0.906824112,0.903830589,0.903320369,0.903317335,0.903798131,0.904343147,0.906534675,0.910020711,0.908921568,0.906896239,0.906816333,0.907574077,0.907194229,0.905730944,0.904207136,0.903744038,0.904379739,0.909650439,0.911034076,0.911137595,0.910796669,0.910533346,0.91019199,0.909262056
Spring,0.905674174,0.902454345,0.899302179,0.898073838,0.898949453,0.901338246,0.902485603,0.902020703,0.902442696,0.895898015,0.896369856,0.897731629,0.899453001,0.900499104,0.900316967,0.900976573,0.900241959,0.901680725,0.908234397,0.911329282,0.911150228,0.910857329,0.910212342,0.908830915
Summer,0.909962216,0.908031126,0.905019994,0.903904692,0.90388238,0.905246217,0.904214633,0.904860169,0.905233771,0.90197849,0.904125959,0.907787279,0.910254151,0.910705015,0.910667769,0.910823884,0.910847686,0.911160106,0.911540727,0.91180008,0.91180008,0.91180008,0.911650513,0.911069525
Fall,0.905801201,0.902916113,0.901845389,0.901320325,0.90234262,0.904873668,0.909052316,0.908678713,0.904227615,0.904928304,0.903268292,0.906274318,0.908597597,0.908980518,0.908780645,0.909121038,0.909516641,0.910839827,0.91180008,0.911651139,0.911504261,0.910714103,0.909619976,0.908010542
Summer Peak,0.908343545,0.908343545,0.89429254,0.89429254,0.89429254,0.89429254,0.903495525,0.896075992,0.899839912,0.91180008,0.91180008,0.91180008,0.91180008,0.91180008,0.91180008,0.91180008,0.91180008,0.91180008,0.91180008,0.91180008,0.91180008,0.91180008,0.91180008,0.91180008
Winter Peak,0.889585835,0.887444454,0.887444454,0.887444454,0.89071532,0.901496491,0.901496491,0.90617122,0.908343545,0.90617122,0.898376223,0.895235325,0.89429254,0.89429254,0.89429254,0.89429254,0.895009428,0.910447792,0.91180008,0.91180008,0.91180008,0.91180008,0.91180008,0.902676519
