Unit: dimensionless (ratio of electricity demand in this hour to annual demand),Hour0,Hour1,Hour2,Hour3,Hour4,Hour5,Hour6,Hour7,Hour8,Hour9,Hour10,Hour11,Hour12,Hour13,Hour14,Hour15,Hour16,Hour17,Hour18,Hour19,Hour20,Hour21,Hour22,Hour23
Winter,0.008971158,0.006527652,0.006492745,0.006562559,0.006597467,0.006737095,0.006667281,0.00781922,0.008412643,0.006562559,0.007121075,0.008133385,0.008831529,0.006388023,0.006632374,0.006073858,0.006073858,0.006108765,0.006143673,0.00743524,0.006876724,0.006213487,0.006353116,0.006492745
Spring,0.017418708,0.062553757,0.056654435,0.050685299,0.048835216,0.048800308,0.053093898,0.062344314,0.071385286,0.081857456,0.101056432,0.130343599,0.145318801,0.152928577,0.159037342,0.161480848,0.172546441,0.181622321,0.191780325,0.215098355,0.19750511,0.173523843,0.16650749,0.147378327
Summer,0.014765759,0.011938273,0.011938273,0.012147716,0.012287345,0.012426974,0.012426974,0.012461881,0.012392067,0.013578913,0.014556315,0.014556315,0.014975202,0.026110608,0.024714319,0.025761536,0.02597098,0.026075701,0.026250237,0.02520302,0.026424774,0.026459681,0.023422752,0.017593244
Fall,0.009006065,0.010995778,0.010576891,0.010507076,0.010681613,0.033092055,0.032917518,0.032987333,0.023736917,0.019932029,0.020001843,0.019722585,0.019722585,0.020316008,0.025377557,0.016825285,0.024085989,0.024190711,0.030927806,0.032603353,0.031102342,0.0284843,0.028309764,0.014207243
Summer Peak,0.033964735,0.036687499,0.029042816,0.020141472,0.019652771,0.0197924,0.0197924,0.019827307,0.019582956,0.020141472,0.060145158,0.084894385,0.092364532,0.098787462,0.108736023,0.109538889,0.113204149,0.118754398,0.131704981,0.152684226,0.155756063,0.135893849,0.121302626,0.07637702
Winter Peak,0.069884276,0.084789663,0.084789663,0.09390045,0.11760246,0.143887604,0.213003921,0.259674888,0.246340326,0.225081823,0.138302447,0.091561666,0.062099963,0.054420372,0.052116495,0.052081588,0.052989176,0.054664723,0.056898786,0.058679055,0.06213487,0.050964557,0.050999464,0.03881684
