Unit: dimensionless (ratio of electricity demand in this hour to annual demand),Hour0,Hour1,Hour2,Hour3,Hour4,Hour5,Hour6,Hour7,Hour8,Hour9,Hour10,Hour11,Hour12,Hour13,Hour14,Hour15,Hour16,Hour17,Hour18,Hour19,Hour20,Hour21,Hour22,Hour23
Winter,0.001215481,0.000819675,0.000799989,0.000799989,0.000799989,0.000799989,0.000799989,0.017261339,0.009650551,0.000799989,0.000799989,0.000799989,0.000799989,0.000799989,0.000799989,0.001192026,0.001332757,0.001381762,0.005485162,0.005485162,0.007921569,0.00669813,0.001381762,0.001381762
Spring,0.000799989,0.000799989,0.000799989,0.000799989,0.000799989,0.000799989,0.00083936,0.001088153,0.001022814,0.000799989,0.000799989,0.000799989,0.000801665,0.000799989,0.001332757,0.001332757,0.001332757,0.00353168,0.027398167,0.027398167,0.013216158,0.001332757,0.001332757,0.001332757
Summer,0.019436808,0.019436808,0.019190528,0.019170424,0.019170424,0.019170424,0.01890404,0.01890404,0.01890404,0.01890404,0.018915349,0.02302922,0.037668605,0.07374854,0.099396783,0.122324643,0.143383209,0.203364814,0.226881566,0.201753107,0.139773624,0.067558466,0.03135958,0.024002191
Fall,0.007025665,0.007025665,0.007025665,0.007025665,0.007025665,0.00649206,0.00649206,0.00649206,0.00649206,0.00649206,0.00649206,0.006781061,0.00649206,0.009857878,0.015064929,0.018178605,0.018609175,0.020920348,0.03080587,0.04050375,0.027207175,0.015558326,0.007025665,0.007025665
Summer Peak,0.018971892,0.018971892,0.018479333,0.018439125,0.018439125,0.018439125,0.018439125,0.018439125,0.018439125,0.018439125,0.018461742,0.026689485,0.055968255,0.128087917,0.177994682,0.2233302,0.253338594,0.305918413,0.342916451,0.318549029,0.201261386,0.088963834,0.031525441,0.023460209
Winter Peak,0.001332757,0.00083936,0.000799989,0.000799989,0.000799989,0.000799989,0.000799989,0.018485197,0.018501113,0.000799989,0.000799989,0.000799989,0.000799989,0.000799989,0.000799989,0.001051295,0.001332757,0.001332757,0.001332757,0.001332757,0.008327428,0.011965494,0.001332757,0.001332757
