Unit: dimensionless (ratio of electricity demand in this hour to annual demand),Hour0,Hour1,Hour2,Hour3,Hour4,Hour5,Hour6,Hour7,Hour8,Hour9,Hour10,Hour11,Hour12,Hour13,Hour14,Hour15,Hour16,Hour17,Hour18,Hour19,Hour20,Hour21,Hour22,Hour23
Winter,0.004060541,0.002132514,0.000964013,0.000516088,0.00050635,0.000477138,0.000399238,0,0.010740472,0.077549522,0.242064737,0.369119755,0.437963944,0.485950389,0.514851316,0.505250132,0.50638942,0.470448274,0.372946596,0.234021555,0.121553325,0.064053334,0.012269261,0.00562828
Spring,0.018983024,0.007049752,0.004683999,0.002413257,0.002242239,0.002375253,0.00450348,0.020769214,0.071238595,0.173821031,0.31844545,0.46017206,0.583571216,0.641156855,0.66165054,0.676700144,0.654781308,0.608682393,0.557433929,0.466689755,0.367290158,0.265021254,0.152994811,0.077376249
Summer,0.008242333,0.003304565,0.002335328,0.001259245,0.001045555,0.000412117,0.000175531,0.003701418,0.027680501,0.108066143,0.260701938,0.391968721,0.497676641,0.565279034,0.586167243,0.57771122,0.570064167,0.544932683,0.492601501,0.413192728,0.322954447,0.208004429,0.121513356,0.04959137
Fall,0.004181785,0.001294132,0.000511858,0.000299389,0.0002511,0.000193154,0.000318704,0.005755991,0.057299151,0.172399653,0.307192212,0.412210072,0.505744924,0.55793515,0.565130139,0.54873136,0.499110082,0.433215576,0.331114342,0.173771047,0.085171281,0.015925552,0.005485575,0.001912225
Summer Peak,0.017882565,0.005214651,0.001334389,0.000166799,0,0,0,0.01005181,0.05236598,0.151769163,0.31371304,0.452665048,0.554201498,0.626082913,0.649759535,0.649548842,0.645405214,0.613687144,0.562796015,0.474691242,0.367527534,0.225371238,0.116811689,0.049179249
Winter Peak,0.003678789,0.000853842,0.000272503,0,0,0,0,0,0.011617706,0.069433733,0.173657,0.26112134,0.312433632,0.359467629,0.382893793,0.382121701,0.343835047,0.266634982,0.176636365,0.102261246,0.061422149,0.018230442,0.003842291,0.003015699
