Unit: dimensionless (ratio of electricity demand in this hour to annual demand),Hour0,Hour1,Hour2,Hour3,Hour4,Hour5,Hour6,Hour7,Hour8,Hour9,Hour10,Hour11,Hour12,Hour13,Hour14,Hour15,Hour16,Hour17,Hour18,Hour19,Hour20,Hour21,Hour22,Hour23
Winter,0.928475262,0.921749789,0.919473888,0.919165622,0.920256937,0.922664049,0.922841104,0.931607985,0.931607985,0.931607985,0.931607985,0.931607985,0.931607985,0.931607985,0.930218416,0.931607985,0.931607985,0.931607985,0.931607985,0.931607985,0.931607985,0.931607985,0.931607985,0.931607985
Spring,0.924963135,0.924611132,0.924611132,0.924611132,0.924611132,0.924611132,0.931607985,0.931607985,0.931607985,0.910482526,0.910482526,0.91528621,0.931607985,0.931607985,0.931607985,0.931607985,0.931607985,0.931607985,0.931607985,0.931607985,0.931607985,0.931607985,0.931607985,0.931607985
Summer,0.931607985,0.930341722,0.920931434,0.920533059,0.919413289,0.924429861,0.931607985,0.930524047,0.930644192,0.931607985,0.931607985,0.931607985,0.931607985,0.931607985,0.931607985,0.931607985,0.931607985,0.931607985,0.931607985,0.931607985,0.931607985,0.931607985,0.931607985,0.931607985
Fall,0.909360121,0.906723259,0.906723259,0.906723259,0.906723259,0.907368247,0.928076361,0.928076361,0.9218067,0.920970956,0.921850963,0.927824478,0.927824478,0.927824478,0.927824478,0.929597141,0.927824478,0.931607985,0.931607985,0.931607985,0.931607985,0.931607985,0.928076361,0.928076361
Summer Peak,0.931607985,0.931607985,0.917251736,0.917251736,0.917251736,0.917251736,0.931607985,0.929440109,0.931607985,0.931607985,0.931607985,0.931607985,0.931607985,0.931607985,0.931607985,0.931607985,0.931607985,0.931607985,0.931607985,0.931607985,0.931607985,0.931607985,0.931607985,0.931607985
Winter Peak,0.931607985,0.931607985,0.931607985,0.931607985,0.931607985,0.931607985,0.931607985,0.931607985,0.931607985,0.931607985,0.931607985,0.931607985,0.931607985,0.931607985,0.928828846,0.931607985,0.931607985,0.931607985,0.931607985,0.931607985,0.931607985,0.931607985,0.931607985,0.931607985
