solar pv,Hour0,Hour1,Hour2,Hour3,Hour4,Hour5,Hour6,Hour7,Hour8,Hour9,Hour10,Hour11,Hour12,Hour13,Hour14,Hour15,Hour16,Hour17,Hour18,Hour19,Hour20,Hour21,Hour22,Hour23
Winter,0.0,0.0,0.0,4.165608913920107e-06,0.0022799564885043785,0.05353804919839028,0.25786251471504706,0.5369893628392604,0.6718157952980874,0.7064073202829032,0.7113489868330201,0.7060815039283672,0.7053056743609355,0.702529399992333,0.6831777116177122,0.613439642892611,0.4359912769063707,0.17968238674230905,0.01650698666860928,2.4752168908800635e-06,0.0,0.0,0.0,0.0
Spring,0.0,0.0,0.0,8.737699438822735e-06,0.003095604004914171,0.03981261662931263,0.14164660124336428,0.3177856042388328,0.51970117601067,0.5879400391518541,0.5954811698911703,0.5903139906362519,0.5902988107346844,0.5908565647472526,0.5695163259063851,0.4724398409208517,0.27901053758407013,0.10439697400435935,0.01891246164696053,1.1210912669811543e-05,0.0,0.0,0.0,0.0
Summer,0.0,0.0,0.0,6.267217497600162e-06,0.0020846139417856537,0.03233945919493203,0.16037290813389213,0.41098391977804577,0.5911437094283544,0.640143330189256,0.6427948913007909,0.637101313482602,0.636816363059003,0.638761214779114,0.6210630131845152,0.5312751912583262,0.31760188834207537,0.10101336186660526,0.012360111943253652,6.309279360000162e-06,0.0,0.0,0.0,0.0
Fall,0.0,0.0,0.0,8.234777949866879e-06,0.005608930656879078,0.1106087242266055,0.402833354350244,0.6347045584599459,0.7247136164352784,0.7592476392803097,0.7672936716329669,0.7648120684867695,0.7585506929145026,0.7459201886255807,0.7180531018300771,0.6699081874602242,0.5600691392330555,0.32897684603835725,0.0689580772875879,4.7576639914667886e-05,0.0,0.0,0.0,0.0
Summer Peak,0.0,0.0,0.0,3.039016293802745e-05,0.00711620160594621,0.11870089750760753,0.41017414760724513,0.6332175884350892,0.7214740996557872,0.7568717403984475,0.7679170536708524,0.76873125916195,0.7660168987551437,0.7541067487258084,0.73060500371467,0.6809838544419529,0.5787248333244956,0.346543988477966,0.07305521487783782,3.1188403615574136e-05,0.0,0.0,0.0,0.0
Winter Peak,0.0,0.0,0.0,0.0,0.0,0.0,0.0038592085899819654,0.14588469869550372,0.4292335121962624,0.5307777087869764,0.5346581847892959,0.5246505273805105,0.5275106807453516,0.544786433557582,0.5432057459644658,0.42926852075169186,0.1688902801083555,0.008919541330906684,0.0,0.0,0.0,0.0,0.0,0.0
