solar pv dist,Hour0,Hour1,Hour2,Hour3,Hour4,Hour5,Hour6,Hour7,Hour8,Hour9,Hour10,Hour11,Hour12,Hour13,Hour14,Hour15,Hour16,Hour17,Hour18,Hour19,Hour20,Hour21,Hour22,Hour23
Winter,0,0,0,5.167649476e-06,0.001173892374,0.01154293304,0.05114783662,0.1223691796,0.2032937725,0.2910921751,0.3727219241,0.4122283003,0.4207162406,0.4241690664,0.4120179846,0.3822450281,0.3250816295,0.2421092036,0.1503346367,0.06597070717,0.01338166631,0.001135856954,0,0
Spring,0,0,0,2.432777132e-06,0.001311343497,0.01224836241,0.04823725822,0.112812837,0.1903080905,0.2806329869,0.3585613323,0.3928311167,0.4020899982,0.4020570121,0.3890344519,0.35569259,0.303050511,0.2360512541,0.1556708035,0.07425580965,0.01920627741,0.001227652133,1.915572545e-08,0
Summer,0,0,0,2.22678467e-05,0.003565980421,0.01957314752,0.05435119881,0.1156888311,0.2138013775,0.296638533,0.3640511691,0.3994714284,0.4108840309,0.413813122,0.4009104155,0.3690836817,0.3231113604,0.2629939068,0.1842378516,0.1062605916,0.04028967447,0.005482008599,8.691910423e-07,0
Fall,0,0,0,1.279449214e-05,0.006923535453,0.04753135288,0.1155175756,0.1942450062,0.3259204493,0.4216767463,0.4751954579,0.4932323542,0.502212836,0.5069391029,0.5014472062,0.4818034423,0.4393161325,0.3645300081,0.2704484451,0.1896325454,0.08241980054,0.01338155536,7.88066545e-07,0
Summer Peak,0,0,0,3.792833639e-06,0.006290414591,0.04629680239,0.1142430992,0.1952361116,0.3386195516,0.4273649053,0.4714199323,0.4910813497,0.5001177758,0.5024823969,0.4962410784,0.4766612069,0.4452727693,0.3762830218,0.2888329209,0.2086302929,0.09105202862,0.01388619609,6.321389399e-07,0
Winter Peak,0,0,0,0,0,0,5.725071665e-05,0.0222540721,0.08315098723,0.1219709135,0.1946035301,0.2817986895,0.2871452574,0.2721033849,0.2558527574,0.2138026855,0.1732823898,0.131660887,0.0519750747,0.002385523789,0,0,0,0
