Unit: dimensionless (ratio of electricity demand in this hour to annual demand),Hour0,Hour1,Hour2,Hour3,Hour4,Hour5,Hour6,Hour7,Hour8,Hour9,Hour10,Hour11,Hour12,Hour13,Hour14,Hour15,Hour16,Hour17,Hour18,Hour19,Hour20,Hour21,Hour22,Hour23
Winter,0.342193166,0.328371519,0.331826931,0.326939225,0.313630817,0.303616689,0.300292571,0.297386206,0.29436645,0.301921806,0.285092341,0.256446442,0.26124463,0.277166975,0.29612698,0.316465568,0.338713883,0.35760824,0.389864716,0.439499703,0.471517463,0.483375672,0.482940015,0.485637504
Spring,0.365800371,0.363336761,0.366591159,0.375563563,0.39028439,0.404457748,0.422440575,0.432796859,0.436218539,0.437473155,0.429223105,0.430994775,0.434621755,0.438377999,0.438796204,0.44575362,0.445517904,0.444582645,0.445206151,0.442255903,0.433161838,0.428029319,0.424379527,0.384018914
Summer,0.433561839,0.410725159,0.376018279,0.340153826,0.324171196,0.300248022,0.271917947,0.242623228,0.216141208,0.180804771,0.16149158,0.176844653,0.201762934,0.22870189,0.235190391,0.266851027,0.283148435,0.318302098,0.316220497,0.292368402,0.255904854,0.247314445,0.257641214,0.277685503
Fall,0.419289535,0.419115996,0.427402521,0.42210088,0.412755761,0.402716483,0.391011223,0.375982676,0.361570194,0.330489214,0.284839567,0.281594373,0.275772112,0.272136453,0.268856551,0.266843489,0.258045021,0.257723972,0.260543994,0.259303184,0.280492395,0.323061711,0.35671108,0.37127107
Summer Peak,0.430322619,0.430571892,0.430176493,0.426102168,0.381877694,0.341074277,0.302368191,0.274595737,0.23614752,0.180834693,0.131521611,0.121817153,0.120321515,0.125994626,0.133851024,0.150741421,0.157789831,0.157033416,0.166720682,0.183602484,0.21264709,0.246608392,0.284265812,0.317083896
Winter Peak,0.505943812,0.479873893,0.452663414,0.438210903,0.426740138,0.411195949,0.394820781,0.375602362,0.372416944,0.360237404,0.337189966,0.283314848,0.236331965,0.230751373,0.248446331,0.278418591,0.320977735,0.354624224,0.376107467,0.385077149,0.416475108,0.445575655,0.468989701,0.48807777
