Unit: dimensionless (ratio of electricity demand in this hour to annual demand),Hour0,Hour1,Hour2,Hour3,Hour4,Hour5,Hour6,Hour7,Hour8,Hour9,Hour10,Hour11,Hour12,Hour13,Hour14,Hour15,Hour16,Hour17,Hour18,Hour19,Hour20,Hour21,Hour22,Hour23
Winter,0.908733965,0.902151489,0.899923979,0.899622267,0.900690379,0.90304631,0.903219601,0.91180008,0.91180008,0.91180008,0.91180008,0.91180008,0.91180008,0.91180008,0.910440056,0.91180008,0.91180008,0.91180008,0.91180008,0.91180008,0.91180008,0.91180008,0.91180008,0.91180008
Spring,0.890025251,0.887444454,0.887444454,0.887444454,0.887444454,0.888075728,0.908343545,0.908343545,0.90220719,0.901389216,0.902250513,0.908097018,0.908097018,0.908097018,0.908097018,0.90983199,0.908097018,0.91180008,0.91180008,0.91180008,0.91180008,0.91180008,0.908343545,0.908343545
Summer,0.908548297,0.908376037,0.901350535,0.901350535,0.901350535,0.901350535,0.91180008,0.910739189,0.91180008,0.901461936,0.901461936,0.90381271,0.91180008,0.91180008,0.91180008,0.91180008,0.91180008,0.91180008,0.91180008,0.91180008,0.91180008,0.91180008,0.91180008,0.91180008
Fall,0.91180008,0.909321401,0.904951994,0.904172185,0.901980261,0.91180008,0.91180008,0.91180008,0.909913478,0.91180008,0.91180008,0.91180008,0.91180008,0.91180008,0.91180008,0.91180008,0.91180008,0.91180008,0.91180008,0.91180008,0.91180008,0.91180008,0.91180008,0.91180008
Summer Peak,0.91180008,0.91180008,0.897749075,0.897749075,0.897749075,0.897749075,0.91180008,0.909678298,0.91180008,0.91180008,0.91180008,0.91180008,0.91180008,0.91180008,0.91180008,0.91180008,0.91180008,0.91180008,0.91180008,0.91180008,0.91180008,0.91180008,0.91180008,0.91180008
Winter Peak,0.91180008,0.91180008,0.91180008,0.91180008,0.91180008,0.91180008,0.91180008,0.91180008,0.91180008,0.91180008,0.91180008,0.91180008,0.91180008,0.91180008,0.909080032,0.91180008,0.91180008,0.91180008,0.91180008,0.91180008,0.91180008,0.91180008,0.91180008,0.91180008
