hydrogen combined cycle,Hour0,Hour1,Hour2,Hour3,Hour4,Hour5,Hour6,Hour7,Hour8,Hour9,Hour10,Hour11,Hour12,Hour13,Hour14,Hour15,Hour16,Hour17,Hour18,Hour19,Hour20,Hour21,Hour22,Hour23
Winter,0.3449672065,0.3283743174,0.3217898354,0.3234021751,0.3388032572,0.3659097036,0.3815977249,0.3705849032,0.3525198159,0.3441126764,0.3418879036,0.3446174958,0.3479951193,0.3512909082,0.3558678195,0.3687207343,0.4050807239,0.4615907684,0.5051421723,0.5220961371,0.5135415976,0.4786236439,0.4321105381,0.3896561736
Spring,0.3482231733,0.3306003777,0.3216084021,0.3220152709,0.3371628538,0.3614157916,0.3766879038,0.3664685257,0.3541909828,0.3493308161,0.3503630394,0.3569256523,0.3627247123,0.3677002794,0.3744172126,0.3889173596,0.4202467151,0.4572938668,0.4889716333,0.5017667087,0.4907092061,0.4550108194,0.4084976167,0.3683084618
Summer,0.4456465659,0.4244798003,0.4150378349,0.4143542038,0.4262943672,0.4550829825,0.4790980729,0.4843982256,0.4719025559,0.4684661588,0.4762505015,0.4893708189,0.501316336,0.509871501,0.5176292255,0.5297912433,0.5560345698,0.584230474,0.6069582576,0.6180870286,0.6125826428,0.5809007361,0.5291299493,0.4793960653
Fall,0.5732946313,0.5442375216,0.5283208086,0.5230768767,0.5288193445,0.5433771856,0.5438710621,0.5496415123,0.5514360786,0.5757847426,0.614750383,0.6544712198,0.6834727947,0.7001862544,0.7091273703,0.7149740973,0.719234684,0.7241817353,0.7349439639,0.7477441891,0.750621363,0.7242007168,0.6738155041,0.6152642999
Summer Peak,0.6239296016,0.5935869313,0.5759747989,0.5711426017,0.577561284,0.594145432,0.5950144851,0.603460677,0.6047495758,0.6269624728,0.6644404152,0.7061388363,0.7320262861,0.743536245,0.7510275556,0.7565061878,0.7594391515,0.7645769072,0.7701935024,0.7833151864,0.7870126329,0.770272231,0.7270386172,0.6721591272
Winter Peak,0.5089712428,0.4942726884,0.490377178,0.4922237713,0.5019910063,0.5336970021,0.5775215436,0.5953661435,0.584564754,0.5654906914,0.5532411018,0.5346046463,0.5243663152,0.5156708602,0.5124409269,0.5274014697,0.5614553016,0.6033121005,0.6381632813,0.6425469963,0.6353570896,0.6171409009,0.5831909445,0.5481881035
