Unit: dimensionless (ratio of electricity demand in this hour to annual demand),Hour0,Hour1,Hour2,Hour3,Hour4,Hour5,Hour6,Hour7,Hour8,Hour9,Hour10,Hour11,Hour12,Hour13,Hour14,Hour15,Hour16,Hour17,Hour18,Hour19,Hour20,Hour21,Hour22,Hour23
Winter,0.326368877,0.304119465,0.295099899,0.29311283,0.293585119,0.29812946,0.301447001,0.315753897,0.338343128,0.351037331,0.343112093,0.349885407,0.343100574,0.332416479,0.321501998,0.310506883,0.305041004,0.306930159,0.322008845,0.33816458,0.360534944,0.369744577,0.362038205,0.353692516
Spring,0.436320027,0.403778173,0.368967028,0.347143827,0.327376811,0.315967003,0.320039055,0.335302048,0.362602648,0.382749799,0.401940854,0.405362068,0.418689829,0.440127136,0.455171263,0.453310906,0.462422625,0.469218977,0.484257345,0.489734744,0.492251698,0.500597388,0.505769527,0.491900361
Summer,0.570818677,0.529026873,0.49813227,0.468879159,0.450638442,0.434413592,0.425566816,0.422393265,0.425584095,0.431499225,0.448507383,0.483318527,0.522063492,0.568560906,0.61292726,0.654373487,0.66448738,0.673368714,0.67510236,0.685049224,0.675344264,0.665172775,0.633160806,0.58835672
Fall,0.292415916,0.287687268,0.282088917,0.272977198,0.264585432,0.264648788,0.273178785,0.297432546,0.310593278,0.315016666,0.312799212,0.310236181,0.317216841,0.325787156,0.335313568,0.340261081,0.34786954,0.354786843,0.370395414,0.405845876,0.414168527,0.403772413,0.397534744,0.392017028
Summer Peak,0.618923025,0.578093077,0.556033732,0.521297463,0.503183457,0.50314314,0.511805609,0.533271713,0.557185656,0.572765429,0.591276848,0.622672537,0.671485318,0.713323199,0.76335702,0.787115453,0.806490815,0.81415111,0.812647849,0.804993314,0.804014179,0.797269664,0.791884419,0.762216615
Winter Peak,0.793600786,0.772670326,0.768298774,0.759336805,0.764578059,0.768195101,0.779812255,0.795121325,0.809364866,0.818050373,0.811409531,0.795276835,0.779829534,0.770349199,0.751169664,0.735676285,0.730095213,0.738780721,0.765574474,0.799625348,0.818292277,0.819979846,0.816483756,0.802015591
