Unit: dimensionless (ratio of electricity demand in this hour to annual demand),Hour0,Hour1,Hour2,Hour3,Hour4,Hour5,Hour6,Hour7,Hour8,Hour9,Hour10,Hour11,Hour12,Hour13,Hour14,Hour15,Hour16,Hour17,Hour18,Hour19,Hour20,Hour21,Hour22,Hour23
Winter,0.928747211,0.922019768,0.919743201,0.919434844,0.920526479,0.922934295,0.923111403,0.931880852,0.931880852,0.931880852,0.931880852,0.931880852,0.931880852,0.931880852,0.930490875,0.931880852,0.931880852,0.931880852,0.931880852,0.931880852,0.931880852,0.931880852,0.931880852,0.931880852
Spring,0.909626471,0.906988837,0.906988837,0.906988837,0.906988837,0.907634013,0.928348193,0.928348193,0.922076695,0.921240707,0.922120972,0.928096237,0.928096237,0.928096237,0.928096237,0.929869418,0.928096237,0.931880852,0.931880852,0.931880852,0.931880852,0.931880852,0.928348193,0.928348193
Summer,0.928557454,0.9283814,0.921201174,0.921201174,0.921201174,0.921201174,0.931880852,0.930796596,0.931880852,0.921315028,0.921315028,0.923717574,0.931880852,0.931880852,0.931880852,0.931880852,0.931880852,0.931880852,0.931880852,0.931880852,0.931880852,0.931880852,0.931880852,0.931880852
Fall,0.931880852,0.929347584,0.924881949,0.924084966,0.921844769,0.931880852,0.931880852,0.931880852,0.929952701,0.931880852,0.931880852,0.931880852,0.931880852,0.931880852,0.931880852,0.931880852,0.931880852,0.931880852,0.931880852,0.931880852,0.931880852,0.931880852,0.931880852,0.931880852
Summer Peak,0.931880852,0.931880852,0.917520398,0.917520398,0.917520398,0.917520398,0.931880852,0.929712341,0.931880852,0.931880852,0.931880852,0.931880852,0.931880852,0.931880852,0.931880852,0.931880852,0.931880852,0.931880852,0.931880852,0.931880852,0.931880852,0.931880852,0.931880852,0.931880852
Winter Peak,0.931880852,0.931880852,0.931880852,0.931880852,0.931880852,0.931880852,0.931880852,0.931880852,0.931880852,0.931880852,0.931880852,0.931880852,0.931880852,0.931880852,0.929100899,0.931880852,0.931880852,0.931880852,0.931880852,0.931880852,0.931880852,0.931880852,0.931880852,0.931880852
