Unit: dimensionless (ratio of electricity demand in this hour to annual demand),Hour0,Hour1,Hour2,Hour3,Hour4,Hour5,Hour6,Hour7,Hour8,Hour9,Hour10,Hour11,Hour12,Hour13,Hour14,Hour15,Hour16,Hour17,Hour18,Hour19,Hour20,Hour21,Hour22,Hour23
Winter,0,0,0,0,0,0,0.013616606,0.080189101,0.143781641,0.207022246,0.332096926,0.37209533,0.364857085,0.424572297,0.427815901,0.366088252,0.336432616,0.273870483,0.150981184,0.029131967,3.74913E-05,0,0,0
Spring,0,0,0,3.14443E-05,0.001422251,0.005942979,0.080821616,0.13719889,0.20649253,0.393199316,0.432611162,0.430064171,0.427853392,0.445186477,0.436154696,0.415877938,0.414726592,0.373607076,0.277150369,0.16941724,0.105790837,0.001398064,0,0
Summer,0,0,0,0,0.000744989,0.00730718,0.140990351,0.202985277,0.242131055,0.378045565,0.411877251,0.408072486,0.418826449,0.420462764,0.425797416,0.395803149,0.359834458,0.302643259,0.192688466,0.100022011,0.034256184,0.000591395,0,0
Fall,0,0,0,0,0,0,0.041385583,0.134182653,0.188083081,0.287633427,0.367932583,0.369362091,0.371655109,0.390371745,0.38299442,0.296534592,0.29425125,0.200184312,0.053457788,0,0,0,0,0
Summer Peak,0,0,0,0,0.000938492,0.007665161,0.130121496,0.183368849,0.223661136,0.360860027,0.404886933,0.374816474,0.400029993,0.401437732,0.39413539,0.350408414,0.33947546,0.293242612,0.175239279,0.113521306,0.045028288,0.001170697,0,0
Winter Peak,0,0,0,0,0,0,0.001852797,0.038550755,0.082461559,0.135982236,0.253492135,0.307322418,0.279716711,0.317853852,0.327342784,0.307191803,0.30203977,0.227574747,0.093401769,0.000459571,0,0,0,0
