Unit: dimensionless (ratio of electricity demand in this hour to annual demand),Hour0,Hour1,Hour2,Hour3,Hour4,Hour5,Hour6,Hour7,Hour8,Hour9,Hour10,Hour11,Hour12,Hour13,Hour14,Hour15,Hour16,Hour17,Hour18,Hour19,Hour20,Hour21,Hour22,Hour23
Winter,0,0,0,0,0,0,0.013750386,0.08240242,0.155909842,0.219670467,0.293068862,0.326506204,0.331539877,0.37162175,0.358570778,0.287252225,0.252921743,0.180713315,0.071503733,0.00711285,3.76929E-06,0,0,0
Spring,0,0,0,3.04979E-06,0.00096247,0.005425962,0.106480299,0.182307734,0.247737244,0.3932616,0.435994951,0.450376922,0.450975416,0.469413364,0.467563643,0.442512,0.409192415,0.328383445,0.218531109,0.104754173,0.041566019,0.000249188,5.25825E-08,0
Summer,0,0,0,5.13994E-05,0.002443351,0.009646233,0.13021228,0.20233583,0.263994491,0.425807433,0.450436866,0.458337991,0.459193062,0.468968069,0.466536339,0.444814377,0.429547626,0.360554969,0.252912334,0.156634145,0.071340334,0.00292201,1.97184E-06,0
Fall,0,0,0,0,1.26888E-06,5.97958E-05,0.078442355,0.155238144,0.207767631,0.340141501,0.390548991,0.399213273,0.395242999,0.410127748,0.412390987,0.369557657,0.33215583,0.254139262,0.146867607,0.036350524,0.009689931,3.96524E-07,0,0
Summer Peak,0,0,0,0,0.000706288,0.005263298,0.075306764,0.143901371,0.213178079,0.392050388,0.441843702,0.467821561,0.479753476,0.499432793,0.476720307,0.476122865,0.463433867,0.365358985,0.25416456,0.148042348,0.059062136,0.000996544,0,0
Winter Peak,0,0,0,0,0,0,0.000239461,0.025907713,0.075062465,0.109837481,0.200285902,0.27126786,0.281850088,0.326302703,0.339480298,0.286068466,0.254355645,0.181015362,0.048932223,4.83759E-06,0,0,0,0
