Unit: dimensionless (ratio of electricity demand in this hour to annual demand),Hour0,Hour1,Hour2,Hour3,Hour4,Hour5,Hour6,Hour7,Hour8,Hour9,Hour10,Hour11,Hour12,Hour13,Hour14,Hour15,Hour16,Hour17,Hour18,Hour19,Hour20,Hour21,Hour22,Hour23
Winter,0,0,0,0,0,0,3.08104E-05,0.03973541,0.135180141,0.250469341,0.39326299,0.461408162,0.468367719,0.466551959,0.476583313,0.459477633,0.364857594,0.236670387,0.063966253,3.59455E-06,0,0,0,0
Spring,0,0,0,0,0.000390265,0.009290878,0.084466727,0.261399076,0.464703078,0.592184726,0.624250655,0.637622885,0.634720545,0.621069994,0.605779817,0.586790337,0.558843245,0.442347047,0.293878378,0.097105669,0.007298472,9.24312E-06,0,0
Summer,0,0,0,2.02835E-05,0.003181688,0.043256269,0.146401291,0.320043088,0.526360605,0.632743287,0.675336875,0.69390605,0.699380546,0.682922911,0.653374705,0.619040359,0.565061555,0.485680086,0.328146995,0.173185547,0.044847113,0.000905056,3.33779E-06,0
Fall,0,0,0,0,0.000184349,0.016085086,0.110618086,0.262272551,0.444181807,0.571059057,0.619792389,0.632123741,0.632605924,0.622308573,0.604029272,0.572923087,0.522860799,0.41387926,0.263819233,0.102595056,0.0162643,1.84862E-05,0,0
Summer Peak,0,0,0,0,0.00160779,0.037432075,0.151110661,0.313465067,0.506988819,0.610449134,0.660959713,0.684676536,0.689593363,0.676815261,0.649183462,0.59960952,0.535652766,0.43745076,0.277924237,0.119993179,0.023971523,0.000548425,5.13507E-07,0
Winter Peak,0,0,0,0,0,0,1.33512E-05,0.051274677,0.163613524,0.243199369,0.366835365,0.437911376,0.459444769,0.453756654,0.450759829,0.412789085,0.310577618,0.195951612,0.045582968,1.54052E-06,0,0,0,0
