Unit: dimensionless (ratio of electricity demand in this hour to annual demand),Hour0,Hour1,Hour2,Hour3,Hour4,Hour5,Hour6,Hour7,Hour8,Hour9,Hour10,Hour11,Hour12,Hour13,Hour14,Hour15,Hour16,Hour17,Hour18,Hour19,Hour20,Hour21,Hour22,Hour23
Winter,0.430067393,0.380176242,0.325653136,0.295081627,0.278765024,0.274019661,0.302778666,0.354598781,0.394787138,0.420241527,0.297029408,0.251920235,0.243069276,0.242167601,0.234651101,0.238165752,0.277216462,0.315588755,0.452132237,0.5813423,0.563966878,0.557765511,0.53445012,0.509253571
Spring,0.494545031,0.449532484,0.390610853,0.387112985,0.370350884,0.362048152,0.378597675,0.403299397,0.356409251,0.257905464,0.260544885,0.269585028,0.271885748,0.271926433,0.276337672,0.28118729,0.295367946,0.332747023,0.35651198,0.521161985,0.57771475,0.56195451,0.51192859,0.508932161
Summer,0.446490285,0.401880517,0.358303124,0.312336013,0.293079431,0.281244757,0.286409172,0.285306108,0.238487669,0.219682179,0.221010026,0.240777201,0.251266228,0.281828074,0.312473832,0.362478393,0.382285744,0.423003002,0.441374691,0.460111018,0.509149825,0.501383113,0.490008177,0.488665073
Fall,0.48507363,0.414845717,0.328557515,0.263316531,0.226122569,0.220111403,0.220419589,0.222212768,0.22877216,0.228928797,0.229035594,0.230613144,0.240140486,0.296935324,0.326934195,0.349033113,0.36682352,0.41630935,0.478992283,0.54192441,0.522649012,0.494272443,0.488534882,0.485475392
Summer Peak,0.44384171,0.390403361,0.337282351,0.292304387,0.260081079,0.247019253,0.249903799,0.269417203,0.248496108,0.229038645,0.229044748,0.252538134,0.273515171,0.332527326,0.378073859,0.474212847,0.509237297,0.574406066,0.585851692,0.585113264,0.534476057,0.511342731,0.491502832,0.489685242
Winter Peak,0.443207029,0.408637231,0.357289058,0.327403087,0.306029374,0.300868519,0.327326803,0.36704932,0.402280245,0.427805832,0.323145432,0.283104557,0.261522335,0.26949247,0.257808838,0.26073712,0.313306852,0.334722266,0.492607421,0.58580999,0.589503145,0.588934576,0.584083941,0.547829796
