Unit: dimensionless (ratio of electricity demand in this hour to annual demand),Hour0,Hour1,Hour2,Hour3,Hour4,Hour5,Hour6,Hour7,Hour8,Hour9,Hour10,Hour11,Hour12,Hour13,Hour14,Hour15,Hour16,Hour17,Hour18,Hour19,Hour20,Hour21,Hour22,Hour23
Winter,0.656177574,0.655718299,0.655463162,0.655435509,0.655593861,0.65573617,0.657242084,0.659304971,0.659047746,0.657909016,0.656737938,0.65650954,0.65680681,0.656787244,0.656918726,0.65756205,0.662542066,0.664256943,0.665147057,0.665441848,0.665285061,0.664778959,0.663945978,0.658008541
Spring,0.652202666,0.651391111,0.650317204,0.649495271,0.649136961,0.649251123,0.650162379,0.651682386,0.651434326,0.643440592,0.640362297,0.640063706,0.640329291,0.641082659,0.641830242,0.643005211,0.64949493,0.653048419,0.658889234,0.664906993,0.665071686,0.664687686,0.662739613,0.654415473
Summer,0.660228896,0.659079108,0.658584348,0.658131613,0.658132634,0.658133484,0.658461169,0.659312366,0.659139677,0.658750232,0.660676357,0.661653456,0.662373137,0.662786401,0.663234032,0.66424754,0.664790449,0.665453984,0.666127898,0.666283574,0.666326789,0.666087916,0.665154032,0.661823083
Fall,0.653778303,0.653156816,0.652314909,0.652227922,0.652301053,0.652709818,0.654034134,0.655112113,0.655021276,0.655946578,0.656101821,0.657265505,0.657753559,0.657851581,0.658335273,0.661592817,0.664418503,0.665291459,0.665789264,0.665723317,0.665614262,0.663932502,0.661015979,0.655206542
Summer Peak,0.66268881,0.662654374,0.662654374,0.662547936,0.662547936,0.662547936,0.662547936,0.662785856,0.663152128,0.663242913,0.665277756,0.665982125,0.666304569,0.666304569,0.666304569,0.666304569,0.666304569,0.666304569,0.666304569,0.666304569,0.666411007,0.666411007,0.666176217,0.664930268
Winter Peak,0.658465729,0.658465729,0.658465729,0.658465729,0.659824377,0.660281434,0.661223723,0.662876642,0.662720115,0.661251898,0.661114155,0.661114155,0.661114155,0.661114155,0.66120494,0.66120494,0.665237059,0.666411007,0.666411007,0.666411007,0.666411007,0.666411007,0.666411007,0.663142736
