solar thermal,Hour0,Hour1,Hour2,Hour3,Hour4,Hour5,Hour6,Hour7,Hour8,Hour9,Hour10,Hour11,Hour12,Hour13,Hour14,Hour15,Hour16,Hour17,Hour18,Hour19,Hour20,Hour21,Hour22,Hour23
Winter,0.0,0.0,0.0,0.0,0.0,0.0,0.0,0.004732565303821159,0.1316120482207833,0.4200625428674393,0.603064368003162,0.6476441799095569,0.6445507492356518,0.6360574743376617,0.6299566384952511,0.6349240301786772,0.6365643273154229,0.6145778356447843,0.4848560235291382,0.22795363922763046,0.025153160274816615,0.0,0.0,0.0
Spring,0.0,0.0,0.0,0.0,0.0,0.0,0.0,0.013658462865420553,0.10456989940913464,0.2330066311090797,0.4497128608130573,0.5479271794380328,0.5511155670722492,0.54344132076654,0.5340493997353454,0.5408731021721582,0.5444604990103097,0.5038730616261883,0.3366098777354707,0.13707394479113297,0.03673741324083937,9.214993162475073e-07,0.0,0.0
Summer,0.0,0.0,0.0,0.0,0.0,0.0,0.0,0.005987887069592836,0.09077395504068334,0.31829207427265904,0.5291977755285278,0.5894290616352328,0.5861938246660308,0.5782863848274689,0.5691661279896574,0.5730395225945902,0.5797341454339028,0.545758124921421,0.3879484089237931,0.1483878423668092,0.022900016890540404,0.0,0.0,0.0
Fall,0.0,0.0,0.0,0.0,0.0,0.0,0.0,0.010879610792713407,0.22702014624335917,0.4871092523918578,0.5826498761930226,0.6183461015333465,0.6265461340835377,0.6218176375536206,0.6244652468583253,0.6158612431848037,0.5989889096848443,0.5779635205356831,0.5137597214633636,0.35395572011485565,0.09027301472896151,4.359400611478592e-06,0.0,0.0
Summer Peak,0.0,0.0,0.0,0.0,0.0,0.0,0.0,0.00812721441405135,0.23637488175798588,0.4842101433457032,0.5790052558225446,0.6138313770926737,0.6270660867910377,0.6323526942387453,0.6094683167374719,0.5986572185000475,0.5913024252906374,0.5662239237877744,0.5111749198193206,0.3576226218662368,0.10464628146357026,0.0,0.0,0.0
Winter Peak,0.0,0.0,0.0,0.0,0.0,0.0,0.0,0.0,0.0032038688227293334,0.06675230466978993,0.35784343358017223,0.4766057125585612,0.472910684600272,0.45531207495844034,0.44695859150672507,0.46160646818800055,0.4771346531660873,0.4383670847816231,0.1929461991839202,0.0073824996221852806,0.0,0.0,0.0,0.0
