Unit: dimensionless (ratio of electricity demand in this hour to annual demand),Hour0,Hour1,Hour2,Hour3,Hour4,Hour5,Hour6,Hour7,Hour8,Hour9,Hour10,Hour11,Hour12,Hour13,Hour14,Hour15,Hour16,Hour17,Hour18,Hour19,Hour20,Hour21,Hour22,Hour23
Winter,0.00292049,0,0,0,0,0,0.000177788,0.003822438,8.88939E-05,0,0,0,0,0,0,0,0,0.108001752,0.318959985,0.169455622,0.163168005,0.143390197,0.126743188,0.039796281
Spring,0.048952353,0,0.007696911,0,0,0,0,0.009665585,0.029612509,0,0,0.009236293,0.009236293,0.009236293,0.009414081,0.009414081,0.009236293,0.282721628,0.422111599,0.391852982,0.343572754,0.100749311,0.081543892,0.039464555
Summer,0.042638718,0,0,0,0,0,0,0,0,0,0,0.001539382,0.134225452,0.253052747,0.306967981,0.379978058,0.586528455,0.645146393,0.645772987,0.704850572,0.712439075,0.38078244,0.154009765,0.135309524
Fall,0.015419839,0,0,0,0,0,0,0,0,0,0,0,0,0,0,0.000177788,0.036880128,0.464468458,0.42381576,0.340303193,0.113484988,0.161466012,0.115301892,0.067351222
Summer Peak,0.085277436,0,0,0,0,0,0,0,0,0,0,0.003078764,0.268450905,0.506105493,0.613935962,0.626042877,0.639337936,0.645772987,0.645772987,0.639116785,0.733925381,0.520345862,0.14778936,0.14778936
Winter Peak,0.00584098,0,0,0,0,0,0.000177788,0.000793541,0.000177788,0,0,0,0,0,0,0,0,0.063622014,0.284091895,0.167137877,0.178381871,0.143734931,0.115457999,0.036763048
