Unit: dimensionless (ratio of electricity demand in this hour to annual demand),Hour0,Hour1,Hour2,Hour3,Hour4,Hour5,Hour6,Hour7,Hour8,Hour9,Hour10,Hour11,Hour12,Hour13,Hour14,Hour15,Hour16,Hour17,Hour18,Hour19,Hour20,Hour21,Hour22,Hour23
Winter,0,0,0,0,0,0,3.0076E-05,0.038788237,0.131957853,0.244498905,0.383888783,0.450409578,0.457203241,0.455430763,0.465223,0.448525068,0.356160485,0.231028877,0.06244149,3.50886E-06,0,0,0,0
Spring,0,0,0,3.96E-05,0.004642227,0.047910532,0.138314411,0.318835445,0.532723771,0.639423316,0.673273329,0.686374926,0.692263301,0.672606143,0.641891552,0.623251964,0.580299958,0.521182616,0.369350556,0.220981746,0.064156072,0.001231611,6.0152E-06,0
Summer,0,0,0,0,0.00087471,0.026120736,0.12774496,0.281006882,0.464248789,0.576672294,0.625111411,0.642705859,0.645341016,0.634078314,0.611669956,0.572291477,0.516640892,0.415518436,0.264414967,0.1086412,0.019638361,0.000276699,2.50633E-07,0
Fall,0,0,0,0,0.000380962,0.009069411,0.082453294,0.255168108,0.453625954,0.578068822,0.609370396,0.622423872,0.619590715,0.606265553,0.591339847,0.57280302,0.545522102,0.431802824,0.286873201,0.094790962,0.007124498,9.02279E-06,0,0
Summer Peak,0,0,0,0,0.001569465,0.036539807,0.147508638,0.305993002,0.49490373,0.595897862,0.645204421,0.668355906,0.673155531,0.66068202,0.63370888,0.585316632,0.522884415,0.42702325,0.271299359,0.117132902,0.023400114,0.000535352,5.01266E-07,0
Winter Peak,0,0,0,0,0,0,1.30329E-05,0.050052443,0.159713469,0.237402227,0.358091113,0.427472885,0.448492987,0.44294046,0.44001507,0.402949434,0.303174382,0.191280715,0.044496407,1.5038E-06,0,0,0,0
