onshore wind,Hour0,Hour1,Hour2,Hour3,Hour4,Hour5,Hour6,Hour7,Hour8,Hour9,Hour10,Hour11,Hour12,Hour13,Hour14,Hour15,Hour16,Hour17,Hour18,Hour19,Hour20,Hour21,Hour22,Hour23
Winter,0.5018706288,0.4992411004,0.4929357021,0.4869913615,0.4837693382,0.4851879475,0.4808294321,0.4466143909,0.3818819839,0.3383795957,0.3225224811,0.3207803096,0.3260339896,0.3318927266,0.3400856988,0.3466214639,0.3563823472,0.3715149316,0.4007508843,0.4469484244,0.4815261248,0.4959824445,0.4971644474,0.4903025063
Spring,0.3914783288,0.3861276912,0.3794804948,0.3727582137,0.3672073613,0.3625496652,0.354683119,0.3327915186,0.3085073178,0.2683819689,0.2323495959,0.2147751139,0.2135946154,0.2193396316,0.2279187521,0.2395178205,0.2575743281,0.2884288582,0.33127625,0.370288036,0.4020537043,0.4190644199,0.4253059973,0.4249031275
Summer,0.4452559212,0.4403329694,0.4355355581,0.4310051357,0.4274342645,0.4264581891,0.4221202607,0.3975031629,0.3467082267,0.2886913425,0.2597562306,0.2518883925,0.2541968336,0.2608086319,0.2690458719,0.2783502109,0.2902873524,0.3122862185,0.3496867324,0.3978957513,0.4327746997,0.4495742028,0.455520881,0.4546675362
Fall,0.4062989262,0.3994390657,0.3892059405,0.3778438405,0.3650096819,0.3516646368,0.3260420483,0.2523490759,0.1772327503,0.1555543859,0.1501298786,0.1496229954,0.1534383309,0.1632084658,0.175873276,0.1914449587,0.208146757,0.2262118981,0.2529022063,0.3048734401,0.3664078217,0.4022814161,0.4159889919,0.4174894065
Summer Peak,0.3993948664,0.3930677364,0.3820089818,0.3677298732,0.3549960527,0.3420729888,0.3137278052,0.229721348,0.1439156602,0.121594905,0.1118099579,0.105961949,0.1077741035,0.1164068111,0.1299379348,0.1473802888,0.1655502931,0.1836489266,0.2117736857,0.2600646536,0.3240355587,0.3613579791,0.3744927584,0.3762028205
Winter Peak,0.4089504362,0.4038851697,0.40046304,0.3970951125,0.3943067983,0.3894608756,0.384874018,0.3823965982,0.3685264073,0.3033208457,0.2341787185,0.2043891687,0.194912649,0.1915444518,0.1896129645,0.1901079038,0.1998126392,0.2298779732,0.2737889857,0.3073574563,0.3284445537,0.3382382509,0.3405862864,0.3416435806
