Unit: dimensionless (ratio of electricity demand in this hour to annual demand),Hour0,Hour1,Hour2,Hour3,Hour4,Hour5,Hour6,Hour7,Hour8,Hour9,Hour10,Hour11,Hour12,Hour13,Hour14,Hour15,Hour16,Hour17,Hour18,Hour19,Hour20,Hour21,Hour22,Hour23
Winter,0.010169345,0.007399485,0.007359915,0.007439054,0.007478624,0.007636901,0.007557762,0.008863554,0.009536234,0.007439054,0.008072165,0.009219679,0.010011068,0.007241207,0.007518193,0.006885082,0.006885082,0.006924651,0.006964221,0.00842829,0.007795179,0.00704336,0.007201638,0.007359915
Spring,0.019745149,0.070908431,0.064221196,0.057454823,0.055357642,0.055318073,0.060185114,0.070671015,0.080919499,0.09279033,0.11455352,0.147752278,0.164727566,0.173353704,0.180278355,0.183048216,0.195591727,0.205879781,0.217394487,0.243826871,0.223883875,0.196699672,0.188746215,0.167062163
Summer,0.016737872,0.013532747,0.013532747,0.013770164,0.013928442,0.01408672,0.01408672,0.014126289,0.01404715,0.015392511,0.016500455,0.016500455,0.016975288,0.029597939,0.028015161,0.029202245,0.029439661,0.029558369,0.029756217,0.028569134,0.029954064,0.029993633,0.026551092,0.019942996
Fall,0.010208915,0.012464373,0.011989539,0.011910401,0.012108248,0.037511826,0.037313979,0.037393118,0.026907217,0.022594149,0.022673287,0.022356732,0.022356732,0.023029412,0.028766981,0.019072469,0.027302912,0.02742162,0.035058521,0.036957854,0.035256368,0.032288661,0.032090813,0.016104761
Summer Peak,0.038501062,0.041587478,0.032921772,0.022831565,0.022277593,0.022435871,0.022435871,0.02247544,0.022198454,0.022831565,0.06817814,0.096232871,0.10470073,0.111981507,0.123258796,0.124168893,0.128323684,0.134615225,0.149295486,0.173076718,0.176558828,0.154043818,0.137503794,0.086577928
Winter Peak,0.079218013,0.096114163,0.096114163,0.106441786,0.133309433,0.163105219,0.241452705,0.294357042,0.279241517,0.25514373,0.15677411,0.103790633,0.070394028,0.061688752,0.05907717,0.0590376,0.060066405,0.061965738,0.064498182,0.066516224,0.070433598,0.057771378,0.057810948,0.044001214
