Unit: dimensionless (ratio of electricity demand in this hour to annual demand),Hour0,Hour1,Hour2,Hour3,Hour4,Hour5,Hour6,Hour7,Hour8,Hour9,Hour10,Hour11,Hour12,Hour13,Hour14,Hour15,Hour16,Hour17,Hour18,Hour19,Hour20,Hour21,Hour22,Hour23
Winter,0,0,0,0,0,0,0.001798374,0.044442939,0.092200837,0.134301174,0.230184627,0.286610276,0.285513353,0.319443,0.305359566,0.250616188,0.244901785,0.185361936,0.067599273,0.000230995,0,0,0,0
Spring,0,0,0,0,0.000718382,0.005947817,0.096538946,0.188528139,0.261911961,0.429067627,0.45770616,0.457904501,0.433261818,0.439364437,0.422379659,0.3929913,0.401338561,0.318572234,0.22471815,0.082101159,0.027893544,9.67518E-06,0,0
Summer,0,0,0,2.53973E-05,0.003498787,0.012869199,0.136089873,0.213285715,0.266167831,0.457921433,0.459765764,0.484811177,0.482097289,0.48189411,0.485233256,0.439612364,0.432386214,0.345653063,0.226919253,0.143248297,0.066705529,0.002120074,2.4188E-06,0
Fall,0,0,0,0,0.0003604,0.003313749,0.093002668,0.168379577,0.238485931,0.389822678,0.418792586,0.425391059,0.420964664,0.435286349,0.404763575,0.383287094,0.364599484,0.289241925,0.203212644,0.109803618,0.032602938,4.35383E-05,0,0
Summer Peak,0,0,0,0,0.002767101,0.01262611,0.13982812,0.201226813,0.255197386,0.442813639,0.469139804,0.479023,0.487512971,0.491574128,0.490841233,0.408776356,0.427819529,0.294647932,0.162809092,0.09518684,0.04426153,0.001243261,0,0
Winter Peak,0,0,0,0,0,0,0.001743951,0.050335124,0.101940115,0.132620111,0.206877118,0.265898135,0.291309995,0.321032148,0.283376348,0.194040573,0.1877638,0.143149126,0.041796778,2.4188E-06,0,0,0,0
