Unit: dimensionless (ratio of electricity demand in this hour to annual demand),Hour0,Hour1,Hour2,Hour3,Hour4,Hour5,Hour6,Hour7,Hour8,Hour9,Hour10,Hour11,Hour12,Hour13,Hour14,Hour15,Hour16,Hour17,Hour18,Hour19,Hour20,Hour21,Hour22,Hour23
Winter,0.391221719,0.378562388,0.37270639,0.376388281,0.396518585,0.458964825,0.541337259,0.536412269,0.485100193,0.44069996,0.433513688,0.427960564,0.416623079,0.392158257,0.386835317,0.411536644,0.504789619,0.558414332,0.572331511,0.561272407,0.55127099,0.525366069,0.464342809,0.41028222
Spring,0.228916697,0.224804989,0.219593981,0.21761503,0.22054158,0.249028039,0.303165531,0.289997108,0.283721038,0.260725812,0.274762824,0.296947402,0.319049809,0.323348509,0.324893955,0.335184814,0.360466078,0.374170719,0.396197276,0.413633847,0.413762371,0.408205297,0.363842988,0.304329619
Summer,0.527430878,0.483311131,0.465241159,0.457891599,0.46404968,0.492261708,0.499232281,0.508792292,0.533611082,0.569323844,0.614729618,0.676426048,0.709819324,0.73201075,0.748490504,0.758145591,0.76333553,0.766855186,0.776182906,0.775650375,0.771933456,0.746328512,0.664205488,0.582722187
Fall,0.401447262,0.385209017,0.380168672,0.371472245,0.370518852,0.373139368,0.369638148,0.362052083,0.401977686,0.390319945,0.444110318,0.483141522,0.539269553,0.585213126,0.627129795,0.652504292,0.680324428,0.693390137,0.720664573,0.707665233,0.695381729,0.622753138,0.546389982,0.475663438
Summer Peak,0.573503764,0.518847963,0.487508171,0.472809051,0.483812058,0.513223467,0.509514712,0.541352271,0.578426647,0.623978855,0.680189583,0.740885476,0.772386977,0.780772101,0.782164267,0.786641004,0.788252292,0.790570461,0.792616307,0.791794071,0.790428242,0.777239277,0.722382789,0.650789763
Winter Peak,0.428804924,0.414573546,0.403416732,0.402368525,0.41477792,0.468746329,0.546060772,0.553289709,0.504392196,0.454540762,0.436579033,0.427836781,0.419346309,0.390405803,0.378623226,0.401209177,0.498371066,0.570133702,0.603879628,0.600988369,0.594360439,0.574340749,0.526177507,0.467830334
