Unit: dimensionless (ratio of electricity demand in this hour to annual demand),Hour0,Hour1,Hour2,Hour3,Hour4,Hour5,Hour6,Hour7,Hour8,Hour9,Hour10,Hour11,Hour12,Hour13,Hour14,Hour15,Hour16,Hour17,Hour18,Hour19,Hour20,Hour21,Hour22,Hour23
Winter,0.000778581,9.61211E-05,0.00018263,6.72848E-05,0,0,0,0.000442157,0.017061504,0.112827005,0.310663554,0.452298067,0.53289565,0.585906464,0.58920342,0.577332458,0.546381448,0.448847318,0.280519961,0.134117839,0.069024597,0.010957811,0.003623767,0.002912471
Spring,0.00031651,0.000281342,0.000375123,0.000832304,0.000187561,0,0,0.014922855,0.079713601,0.170551938,0.274660245,0.3884983,0.505184944,0.573820699,0.598156792,0.58618803,0.54438528,0.446982293,0.317635253,0.192988972,0.118656039,0.070300362,0.022472202,0.004267022
Summer,0.005271191,0.00216815,0.000835434,0.000576847,0.000487337,0,0.001422227,0.030115407,0.122401028,0.265479047,0.406508264,0.536666894,0.646496629,0.681734042,0.692226695,0.673419484,0.620896544,0.562704587,0.468579022,0.357436462,0.2255274,0.126100807,0.042746373,0.008612927
Fall,0.003352365,0.000944907,0.000698409,0.000681976,0.00067376,0,0.005677658,0.04278374,0.119879925,0.216285076,0.318704765,0.425586058,0.51352813,0.539928006,0.54667382,0.526576061,0.487703414,0.419924833,0.34171941,0.260523151,0.180584029,0.101285801,0.031379125,0.00543116
Summer Peak,0.00260049,0.001846348,0.000702132,0,0,0,0.007879485,0.043462856,0.13823338,0.293760018,0.409880564,0.497421726,0.558047816,0.578175609,0.57342538,0.574977006,0.559270046,0.49760376,0.42784995,0.35213235,0.217002222,0.109706005,0.044893126,0.01070535
Winter Peak,0.000421167,0.000401578,0.000215481,0.000146919,0,0,0,0,0.012830909,0.057895806,0.150817055,0.270604858,0.346934077,0.399991356,0.40488865,0.389462175,0.348961556,0.297314697,0.244130088,0.130365957,0.052518577,0.013555709,0.004231262,0.002742484
