Unit: dimensionless (ratio of electricity demand in this hour to annual demand),Hour0,Hour1,Hour2,Hour3,Hour4,Hour5,Hour6,Hour7,Hour8,Hour9,Hour10,Hour11,Hour12,Hour13,Hour14,Hour15,Hour16,Hour17,Hour18,Hour19,Hour20,Hour21,Hour22,Hour23
Winter,0.348223176,0.332310679,0.322010645,0.317062764,0.318391928,0.321202104,0.331480445,0.348588006,0.362268139,0.355221993,0.33486646,0.323209654,0.316234502,0.31802907,0.318764646,0.323247123,0.328885223,0.34088911,0.356472275,0.359799128,0.352555777,0.346781605,0.336128574,0.32402214
Spring,0.328068793,0.317362516,0.305609079,0.298081752,0.29515917,0.295417509,0.298257265,0.306352543,0.302546481,0.300949118,0.297210105,0.283105981,0.272243912,0.25992844,0.258808314,0.263509688,0.279079048,0.298229656,0.313836485,0.330669931,0.339070877,0.337743686,0.331924157,0.329319074
Summer,0.481037013,0.459243853,0.444254277,0.438194158,0.430542591,0.442988219,0.458585188,0.469340766,0.4736004,0.485702891,0.502845949,0.520409054,0.537989908,0.555637812,0.568262896,0.56817021,0.573993683,0.57143593,0.575433282,0.582152067,0.585569635,0.571364936,0.545698664,0.547540562
Fall,0.41407792,0.400953906,0.378237825,0.361627222,0.365190722,0.377559439,0.399405844,0.40891114,0.406974584,0.408765208,0.420680354,0.433356711,0.45430386,0.47854631,0.493764644,0.507024729,0.520243402,0.527873276,0.533260925,0.538439536,0.532955257,0.51972278,0.494798,0.456273941
Summer Peak,0.54872971,0.523020053,0.497900039,0.477264475,0.469573468,0.478824369,0.492942298,0.503780702,0.516017292,0.53272847,0.563768587,0.600038589,0.631526362,0.655573578,0.670734723,0.6792323,0.687057407,0.683921843,0.683604342,0.681091946,0.679754894,0.655163391,0.620547942,0.579917731
Winter Peak,0.439495713,0.427691003,0.418140349,0.414705033,0.41652721,0.426559044,0.443725767,0.467853837,0.487572397,0.486803296,0.468222611,0.44649453,0.431867811,0.416215625,0.397901167,0.385790789,0.383209371,0.389857163,0.4051741,0.431410295,0.435973626,0.431508898,0.419254559,0.398561805
