Unit: dimensionless (ratio of electricity demand in this hour to annual demand),Hour0,Hour1,Hour2,Hour3,Hour4,Hour5,Hour6,Hour7,Hour8,Hour9,Hour10,Hour11,Hour12,Hour13,Hour14,Hour15,Hour16,Hour17,Hour18,Hour19,Hour20,Hour21,Hour22,Hour23
Winter,0.395273642,0.381232944,0.374218915,0.373134364,0.381340398,0.417337598,0.481490465,0.502814355,0.476505427,0.455997716,0.463773933,0.461850817,0.457246873,0.442572773,0.433012498,0.449476977,0.517509788,0.597095783,0.613318753,0.610146744,0.607215189,0.586740663,0.552775614,0.521629661
Spring,0.278733366,0.272239754,0.262844874,0.262701602,0.2679853,0.275179999,0.289325519,0.308133186,0.303426792,0.320576819,0.348522319,0.384136581,0.404568705,0.435785241,0.451061665,0.464266959,0.487116805,0.49202652,0.505769613,0.531304764,0.528865446,0.498965225,0.417903577,0.330249289
Summer,0.486803397,0.457443872,0.446176707,0.44537475,0.451795409,0.46792541,0.478261041,0.501429827,0.544956731,0.580855695,0.635450921,0.694060673,0.726383619,0.744829156,0.749064384,0.752334893,0.758213013,0.760427942,0.764189107,0.766876782,0.757645718,0.733458486,0.661656082,0.573288592
Fall,0.118060175,0.11356711,0.112829678,0.113509169,0.113002974,0.114158109,0.127125318,0.137424604,0.147673851,0.143064903,0.151323611,0.15961603,0.168712776,0.174887186,0.188382186,0.203820844,0.229383386,0.246644028,0.254175838,0.256353896,0.253246148,0.243373518,0.18244428,0.123023617
Summer Peak,0.505124887,0.471295736,0.453698509,0.451017419,0.461686475,0.483711451,0.486029094,0.530094323,0.574967039,0.624253285,0.692772274,0.746193404,0.764197271,0.772580816,0.776373848,0.778522408,0.782774228,0.783138204,0.783634917,0.786250692,0.78383297,0.771665347,0.732726322,0.633161986
Winter Peak,0.481707218,0.461919292,0.447891235,0.44632788,0.456992722,0.486170259,0.542715992,0.56007566,0.520646243,0.521148223,0.546806104,0.541528727,0.526418226,0.505789102,0.494745536,0.515388882,0.588257665,0.633037149,0.642143903,0.638655852,0.636563126,0.634821207,0.612135702,0.583638182
