Unit: dimensionless (ratio of electricity demand in this hour to annual demand),Hour0,Hour1,Hour2,Hour3,Hour4,Hour5,Hour6,Hour7,Hour8,Hour9,Hour10,Hour11,Hour12,Hour13,Hour14,Hour15,Hour16,Hour17,Hour18,Hour19,Hour20,Hour21,Hour22,Hour23
Winter,0.498709663,0.49334424,0.476269242,0.460327882,0.443266966,0.436965059,0.439661853,0.445414543,0.435852544,0.425670916,0.373115126,0.29860476,0.299090606,0.325150222,0.355582447,0.380184527,0.388324197,0.376037239,0.367411724,0.355300797,0.339148201,0.344795272,0.350660622,0.346675283
Spring,0.363123076,0.404036896,0.417502494,0.430255749,0.441371762,0.445910082,0.446358169,0.444617522,0.426969775,0.393765356,0.344492984,0.346779378,0.340184452,0.338219761,0.338771253,0.329648655,0.316878166,0.318526898,0.308611529,0.29723126,0.277699248,0.266531534,0.253870194,0.262314917
Summer,0.395957608,0.409612308,0.401562845,0.372146107,0.348255759,0.327153693,0.312223122,0.312696198,0.30894026,0.283472991,0.229019054,0.204024861,0.194319631,0.17876546,0.170185578,0.178428572,0.195989734,0.205178881,0.222840392,0.233119047,0.243161165,0.260951697,0.304324183,0.363852937
Fall,0.416931918,0.411522298,0.402149398,0.392302963,0.381895492,0.372568916,0.37074169,0.375641745,0.383110212,0.381895492,0.354554007,0.324633816,0.306572582,0.294852597,0.280270815,0.276353858,0.276786216,0.280687731,0.27945757,0.273600151,0.281953922,0.288372377,0.284043651,0.277393576
Summer Peak,0.345121091,0.350929644,0.352735005,0.336060646,0.310695886,0.283615472,0.256966775,0.239619612,0.228927614,0.21991763,0.183008651,0.163654285,0.137235463,0.123274753,0.117146618,0.123695257,0.137605506,0.147277083,0.160598628,0.174901347,0.189456369,0.212393423,0.230564774,0.255738906
Winter Peak,0.39427798,0.440466604,0.454162249,0.459990977,0.46049431,0.461985669,0.46287427,0.462246657,0.452496899,0.44624562,0.429194418,0.40896165,0.397664607,0.382707521,0.383502913,0.376636448,0.370242247,0.360156934,0.357062364,0.357000224,0.361244383,0.371292413,0.369925334,0.366899118
