Unit: dimensionless (ratio of electricity demand in this hour to annual demand),Hour0,Hour1,Hour2,Hour3,Hour4,Hour5,Hour6,Hour7,Hour8,Hour9,Hour10,Hour11,Hour12,Hour13,Hour14,Hour15,Hour16,Hour17,Hour18,Hour19,Hour20,Hour21,Hour22,Hour23
Winter,0,0,0,0,0,0,0.022318222,0.119378418,0.204400272,0.267842846,0.346769336,0.377577528,0.398935488,0.457369947,0.447803613,0.323435221,0.279200298,0.19366445,0.06116165,0.000332584,0,0,0,0
Spring,0,0,0,0,0,0.000529716,0.032842399,0.095641573,0.160054084,0.282604752,0.387607062,0.400494402,0.389428415,0.39128363,0.410583196,0.363987529,0.325352116,0.228735768,0.13410767,0.040096365,7.25639E-06,0,0,0
Summer,0,0,0,0,0.001110227,0.007605901,0.136302727,0.203398891,0.270943741,0.41434805,0.413260802,0.432749033,0.447190449,0.451903471,0.466410194,0.428932175,0.374008596,0.298157604,0.228476957,0.110190625,0.040355176,0.000543019,0,0
Fall,0,0,0,0,9.67518E-06,1.93504E-05,0.100515445,0.151682635,0.230453113,0.355838608,0.401885209,0.403967791,0.428029964,0.426539986,0.424938744,0.407046917,0.410239727,0.345483747,0.271993498,0.1216025,0.163290432,0,0,0
Summer Peak,0,0,0,0,0.001673806,0.005877672,0.114261457,0.176129396,0.2472202,0.412748017,0.430008538,0.420896938,0.429205498,0.414678216,0.437335068,0.388194829,0.332816517,0.307859391,0.259319012,0.161495686,0.069339596,0.001081201,0,0
Winter Peak,0,0,0,0,0,0,0.004561847,0.085710001,0.18615772,0.253417153,0.342588449,0.386603262,0.397756326,0.461143268,0.475600405,0.354619536,0.291479311,0.213332882,0.086718639,0.000657912,0,0,0,0
