Unit: dimensionless (ratio of electricity demand in this hour to annual demand),Hour0,Hour1,Hour2,Hour3,Hour4,Hour5,Hour6,Hour7,Hour8,Hour9,Hour10,Hour11,Hour12,Hour13,Hour14,Hour15,Hour16,Hour17,Hour18,Hour19,Hour20,Hour21,Hour22,Hour23
Winter,0.949412259,0.954648786,0.954906997,0.955258165,0.955330464,0.955216851,0.955506048,0.955320136,0.954999954,0.955061924,0.953770867,0.954524845,0.954318275,0.953719225,0.953533313,0.953213131,0.953698568,0.953853495,0.954276962,0.95428729,0.954400903,0.954989625,0.953461014,0.952789664
Spring,0.96063929,0.95288262,0.953399043,0.954349261,0.955072253,0.955351121,0.955444077,0.956001814,0.955072253,0.953760539,0.952603752,0.951984045,0.951126783,0.950383134,0.950290178,0.951705176,0.951777475,0.951250724,0.952077001,0.951963388,0.952097658,0.952789664,0.952500467,0.952066672
Summer,0.975801462,0.975605222,0.97634887,0.976627739,0.974448435,0.973126392,0.972919823,0.973993983,0.973973326,0.973993983,0.973735771,0.972816539,0.972909495,0.972568656,0.970823147,0.970151797,0.969645703,0.968953697,0.969459791,0.970823147,0.97193862,0.972238145,0.972640955,0.973219349
Fall,0.873487785,0.875935629,0.877774094,0.879798471,0.880593762,0.882339271,0.884188065,0.885293209,0.885437808,0.885386165,0.885014341,0.884508247,0.88502467,0.885282881,0.886036858,0.885727004,0.886480982,0.886305398,0.885985216,0.882297957,0.879426647,0.879344019,0.879974055,0.880304565
Summer Peak,0.946107154,0.944237703,0.94298796,0.942946646,0.943049931,0.943566354,0.943917521,0.944630184,0.944640513,0.94639635,0.94566303,0.945177593,0.944495915,0.943308142,0.942636793,0.94352504,0.944010477,0.944062119,0.944093105,0.945053651,0.946107154,0.947325911,0.947728721,0.948493027
Winter Peak,0.973353618,0.977061534,0.975863433,0.974696318,0.974820259,0.975915075,0.976266243,0.976059674,0.975946061,0.975729163,0.975584565,0.975574236,0.975501937,0.97521274,0.975316025,0.974799602,0.974727303,0.975088799,0.974954529,0.974634347,0.974644675,0.97447942,0.973694457,0.973498217
