Unit: dimensionless (ratio of electricity demand in this hour to annual demand),Hour0,Hour1,Hour2,Hour3,Hour4,Hour5,Hour6,Hour7,Hour8,Hour9,Hour10,Hour11,Hour12,Hour13,Hour14,Hour15,Hour16,Hour17,Hour18,Hour19,Hour20,Hour21,Hour22,Hour23
Winter,0.442949951,0.423655013,0.419004061,0.420365201,0.4368674,0.485075005,0.545467248,0.557009562,0.517568257,0.488499444,0.477089844,0.472203353,0.463623588,0.447746079,0.439261188,0.455379121,0.523894192,0.59927847,0.627525031,0.629947736,0.622854644,0.596363141,0.542070986,0.485302142
Spring,0.232298149,0.218226667,0.214319849,0.215105957,0.220789956,0.241307284,0.258582015,0.255036512,0.248688719,0.247791824,0.258482472,0.271832923,0.283517243,0.289852704,0.297803123,0.307151302,0.335191124,0.383574252,0.406541177,0.424696243,0.423721522,0.405668003,0.336533108,0.267635556
Summer,0.562299946,0.521957714,0.498091003,0.489000805,0.493167477,0.505039577,0.505495695,0.524463072,0.55309693,0.581539687,0.639712735,0.698832928,0.745628631,0.774750009,0.791749728,0.804257686,0.813799239,0.823328238,0.838385129,0.850252953,0.845753664,0.818911967,0.736711955,0.633854929
Fall,0.359820207,0.344626865,0.33983127,0.339295168,0.344351099,0.373425497,0.408386449,0.397058705,0.392545222,0.396489253,0.408617374,0.433087008,0.459393624,0.478315806,0.487520567,0.508222009,0.55693283,0.59276083,0.610489063,0.610245069,0.597226137,0.543268387,0.461652394,0.390413238
Summer Peak,0.682998736,0.630051039,0.599052916,0.592548578,0.606803786,0.636384718,0.638116317,0.662121591,0.701644038,0.744300098,0.824069596,0.894446419,0.924746469,0.937417779,0.943349552,0.946745022,0.95101726,0.955152767,0.955765,0.956803628,0.954649077,0.940233541,0.895994731,0.796168862
Winter Peak,0.523139976,0.507943843,0.500425366,0.502848406,0.517577074,0.566108403,0.64754547,0.6785339,0.657263904,0.648258722,0.654729387,0.651055224,0.640383747,0.62266853,0.605762097,0.62328816,0.693395218,0.738801608,0.756589273,0.756151781,0.753918151,0.747377079,0.703256379,0.645643211
