Unit: dimensionless (ratio of electricity demand in this hour to annual demand),Hour0,Hour1,Hour2,Hour3,Hour4,Hour5,Hour6,Hour7,Hour8,Hour9,Hour10,Hour11,Hour12,Hour13,Hour14,Hour15,Hour16,Hour17,Hour18,Hour19,Hour20,Hour21,Hour22,Hour23
Winter,0.654162819,0.654162819,0.654162819,0.654162819,0.654162819,0.654530656,0.654773272,0.657669009,0.660963889,0.660963889,0.660963889,0.660963889,0.660963889,0.660963889,0.660963889,0.660963889,0.666411007,0.666411007,0.666411007,0.666411007,0.666411007,0.666411007,0.666411007,0.660963889
Spring,0.640818946,0.640818946,0.640818946,0.640568504,0.640568504,0.640568504,0.651259255,0.655078498,0.655814172,0.654108034,0.653215834,0.650961855,0.650961855,0.650961855,0.650961855,0.660228215,0.660228215,0.660682142,0.66423529,0.665706638,0.666144912,0.664939659,0.654765445,0.654765445
Summer,0.658060325,0.658060325,0.658060325,0.658060325,0.658060325,0.658060325,0.65841251,0.660736926,0.660830842,0.659625589,0.659852552,0.660439526,0.660439526,0.664258769,0.664258769,0.665072706,0.665323149,0.665323149,0.666411007,0.666411007,0.666411007,0.666058823,0.665244886,0.660611705
Fall,0.664078764,0.664078764,0.664078764,0.664078764,0.664078764,0.664078764,0.664078764,0.664783133,0.664783133,0.664783133,0.664783133,0.665237059,0.665237059,0.666411007,0.666411007,0.666411007,0.666411007,0.666411007,0.666411007,0.666411007,0.666411007,0.665237059,0.664783133,0.662842206
Summer Peak,0.664329206,0.664329206,0.664329206,0.664329206,0.664329206,0.664329206,0.664329206,0.664329206,0.664783133,0.664783133,0.665237059,0.666411007,0.666411007,0.666411007,0.666411007,0.666411007,0.666411007,0.666411007,0.666411007,0.666411007,0.666411007,0.666411007,0.666411007,0.664783133
Winter Peak,0.664783133,0.664783133,0.664783133,0.664783133,0.664783133,0.664783133,0.664783133,0.664783133,0.664783133,0.664783133,0.664783133,0.664783133,0.664783133,0.664783133,0.664783133,0.664783133,0.666411007,0.666411007,0.666411007,0.666411007,0.666411007,0.666411007,0.666411007,0.664783133
