Unit: dimensionless (ratio of electricity demand in this hour to annual demand),Hour0,Hour1,Hour2,Hour3,Hour4,Hour5,Hour6,Hour7,Hour8,Hour9,Hour10,Hour11,Hour12,Hour13,Hour14,Hour15,Hour16,Hour17,Hour18,Hour19,Hour20,Hour21,Hour22,Hour23
Winter,0.318374532,0.304518454,0.300876859,0.298701172,0.305881123,0.353290078,0.411768409,0.418865925,0.396141968,0.370772212,0.341541211,0.341476159,0.336270945,0.326940591,0.320979773,0.331529523,0.391632837,0.476458548,0.491870343,0.507385905,0.507113845,0.476547039,0.426102236,0.385726536
Spring,0.223025672,0.198751528,0.193120711,0.193120711,0.193120711,0.199199255,0.202239053,0.221060416,0.240369538,0.263399528,0.288249395,0.3199342,0.346174652,0.362840608,0.364963358,0.372355056,0.382147622,0.393952323,0.387074719,0.414923826,0.420526726,0.406389108,0.321778306,0.222570044
Summer,0.527601277,0.495911205,0.475345553,0.466035741,0.474677387,0.492641222,0.488659355,0.506941339,0.54997469,0.587115963,0.633356615,0.685632356,0.729751838,0.75618929,0.762222798,0.763886233,0.765189644,0.770355353,0.775423878,0.77843576,0.772345365,0.746010626,0.667267147,0.583958702
Fall,0.238256796,0.232876178,0.235276518,0.234302055,0.235089,0.259210917,0.332973045,0.347632133,0.301365144,0.284151909,0.283752642,0.295663744,0.297666924,0.291611557,0.287511437,0.3183345,0.410261151,0.497392916,0.495358658,0.501311312,0.501376627,0.46480423,0.421839355,0.365899896
Summer Peak,0.594458938,0.551745316,0.532996643,0.521812438,0.532660585,0.549807978,0.542800797,0.557260252,0.605603638,0.646492643,0.681579642,0.739058226,0.771554206,0.779683336,0.781420515,0.782588817,0.784690497,0.787643384,0.78948907,0.786984963,0.784359707,0.777896118,0.719261346,0.636966606
Winter Peak,0.308840067,0.300546595,0.300546595,0.299940847,0.305688074,0.348504936,0.420264938,0.44555305,0.432364611,0.390847209,0.380741761,0.382172906,0.388075519,0.379356443,0.37127946,0.383565071,0.446761911,0.561154418,0.584493603,0.581637636,0.577867253,0.538660118,0.493415525,0.459621139
