Unit: dimensionless (ratio of electricity demand in this hour to annual demand),Hour0,Hour1,Hour2,Hour3,Hour4,Hour5,Hour6,Hour7,Hour8,Hour9,Hour10,Hour11,Hour12,Hour13,Hour14,Hour15,Hour16,Hour17,Hour18,Hour19,Hour20,Hour21,Hour22,Hour23
Winter,0.381119827,0.366743815,0.346786731,0.333804547,0.335014067,0.34255341,0.353502448,0.393335981,0.430139954,0.432276773,0.4060993,0.392500836,0.381499962,0.37364384,0.366622863,0.356439854,0.342714679,0.352390841,0.369076461,0.390830546,0.383924762,0.368414105,0.354567978,0.338170339
Spring,0.278765617,0.271255072,0.261095102,0.253480884,0.245169752,0.243194202,0.254160519,0.263825162,0.264406884,0.259108033,0.261463718,0.254730722,0.249788968,0.244795377,0.243845039,0.243718328,0.241777336,0.243626174,0.25065867,0.266641616,0.283920477,0.288516654,0.278834732,0.266013818
Summer,0.554709019,0.51573367,0.477685619,0.460118777,0.449711144,0.458114429,0.487741916,0.516200199,0.535402773,0.545810406,0.566614154,0.600958769,0.622908682,0.63006213,0.648803934,0.657345451,0.661129521,0.658762318,0.657835019,0.656539104,0.667695488,0.651159619,0.614689704,0.591420838
Fall,0.400863805,0.376754035,0.360356396,0.347829222,0.342086881,0.3448227,0.365171439,0.381972251,0.391849999,0.391659932,0.404106471,0.416443577,0.435386968,0.461362855,0.483664104,0.506541316,0.528139891,0.559207283,0.569810743,0.587918989,0.587688605,0.558902023,0.517277248,0.475318415
Summer Peak,0.6608473,0.607950948,0.564880509,0.538818227,0.529965691,0.530541653,0.549957333,0.584981583,0.61717786,0.628524312,0.663502485,0.696199849,0.730072175,0.751595876,0.768782582,0.777197387,0.783141315,0.788607195,0.777174349,0.76365652,0.756900486,0.743515128,0.710921438,0.70194795
Winter Peak,0.786838991,0.778383869,0.773828009,0.770510468,0.763328222,0.763973299,0.776218252,0.796745538,0.816155458,0.827427035,0.811927897,0.777249224,0.755138042,0.731304734,0.717320376,0.705645626,0.689213429,0.673622138,0.678477497,0.711474361,0.731252897,0.718863954,0.703445451,0.676893602
