solar pv,Hour0,Hour1,Hour2,Hour3,Hour4,Hour5,Hour6,Hour7,Hour8,Hour9,Hour10,Hour11,Hour12,Hour13,Hour14,Hour15,Hour16,Hour17,Hour18,Hour19,Hour20,Hour21,Hour22,Hour23
Winter,0,0,0,2.347344791e-06,0.0006333817735,0.01508976212,0.08806248744,0.2267887927,0.3904284527,0.5309641065,0.597403929,0.6126603904,0.6124454267,0.6120192473,0.599671411,0.5731071158,0.4999206837,0.3680005576,0.2181755139,0.07950529501,0.01050133154,5.579865732e-05,1.287253595e-07,0
Spring,0,0,0,9.969751393e-06,0.0008126097668,0.01189354727,0.04582092338,0.1351057432,0.2719221122,0.3996141358,0.4869348366,0.5189952702,0.5208998949,0.5198837425,0.507633277,0.4742023537,0.3953061588,0.2869485383,0.1498872592,0.05528344792,0.01301248831,0.0002006014818,5.582100419e-07,0
Summer,0,0,0,5.343725009e-06,0.0004662937752,0.009100549811,0.05738586995,0.1712467033,0.3236908938,0.4626753206,0.5433682442,0.5634680579,0.5636231541,0.5617686623,0.5507746678,0.5215213675,0.4409451952,0.3171714252,0.1708518715,0.05365466773,0.008169724201,8.928818537e-05,3.226087854e-07,0
Fall,0,0,0,6.928453175e-06,0.001430772906,0.02541358518,0.1253971559,0.2815322807,0.4662829772,0.5926000557,0.6350291552,0.6478073714,0.6483986373,0.6407321619,0.6223801659,0.5951579895,0.5418581943,0.4388642958,0.2941780139,0.1432347804,0.03320299331,0.0006253970151,1.751043494e-06,0
Summer Peak,0,0,0,7.492152462e-06,0.001849413226,0.03121336444,0.1369877916,0.2928751303,0.4832209745,0.6037766893,0.643948827,0.6574996516,0.6618018607,0.657201278,0.6395616157,0.6119461798,0.5615340379,0.4626331776,0.3129906665,0.1603023857,0.04005878922,0.0006383642021,1.749991816e-06,0
Winter Peak,0,0,0,0,0,2.928501929e-05,0.001703945156,0.05264137256,0.1632308585,0.2930193816,0.4180565457,0.4636663882,0.4629776243,0.4585008061,0.4522006141,0.4228341136,0.3335508327,0.2042526245,0.05624655531,0.002330816834,3.691388987e-07,0,0,0
