solar pv,Hour0,Hour1,Hour2,Hour3,Hour4,Hour5,Hour6,Hour7,Hour8,Hour9,Hour10,Hour11,Hour12,Hour13,Hour14,Hour15,Hour16,Hour17,Hour18,Hour19,Hour20,Hour21,Hour22,Hour23
Winter,0,0,0,5.207163762e-07,0.0002751235863,0.008173005378,0.05865984712,0.1810212056,0.3362881587,0.4762068907,0.5632045378,0.591857936,0.5953747927,0.593553212,0.5869367426,0.5597210511,0.4762168019,0.3261928891,0.1656113811,0.05342593265,0.00858883712,0.0002840463704,1.277961547e-05,0
Spring,0,0,0,2.447126267e-07,0.0003128139261,0.008715555883,0.05287775354,0.1659812422,0.3152088129,0.4494581109,0.5311607561,0.5571849651,0.561574985,0.5592280708,0.5476069885,0.5137010085,0.4316722726,0.3047458842,0.1615594942,0.05558641532,0.01023245382,0.0003250673547,7.799658811e-06,0
Summer,0,0,0,1.87948037e-06,0.001002354281,0.01666450163,0.06886456455,0.1751557841,0.3285400474,0.453426639,0.5274666051,0.5555405669,0.5575888784,0.5543750439,0.5420130718,0.5080148293,0.4310839051,0.3170103582,0.1825085949,0.08040968371,0.02316226905,0.001276224854,7.167021055e-05,0
Fall,0,0,0,1.292082669e-06,0.001551877424,0.03019358162,0.1338225956,0.2974999672,0.4880960938,0.6200559692,0.6666367016,0.6761880135,0.6740420473,0.6675681209,0.6476774988,0.6172664489,0.5621730883,0.4595111121,0.3034855186,0.1560909082,0.05074891564,0.003330902982,0.0001654727205,0
Summer Peak,0,0,0,3.915402027e-07,0.001266241016,0.02904278819,0.1351144061,0.3008737341,0.4997724374,0.6333018399,0.6772804185,0.6884529693,0.6840129034,0.6746424654,0.65510226,0.6229962081,0.5674289204,0.4684240158,0.3178771015,0.1687411023,0.0568164967,0.0029985617,0.0001154064748,0
Winter Peak,0,0,0,0,0,0,6.783434012e-06,0.02548288509,0.1148976438,0.207884042,0.3276538065,0.3985016064,0.4080790616,0.3987520551,0.3887275394,0.3561033673,0.2786907645,0.1687348524,0.04645021044,0.001830504285,2.691838894e-06,0,0,0
