Unit: dimensionless (ratio of electricity demand in this hour to annual demand),Hour0,Hour1,Hour2,Hour3,Hour4,Hour5,Hour6,Hour7,Hour8,Hour9,Hour10,Hour11,Hour12,Hour13,Hour14,Hour15,Hour16,Hour17,Hour18,Hour19,Hour20,Hour21,Hour22,Hour23
Winter,0.619776598,0.619776598,0.619776598,0.619776598,0.619776598,0.620125099,0.620354962,0.623098485,0.626220168,0.626220168,0.626220168,0.626220168,0.626220168,0.626220168,0.626220168,0.626220168,0.631380957,0.631380957,0.631380957,0.631380957,0.631380957,0.631380957,0.631380957,0.626220168
Spring,0.607134149,0.607134149,0.607134149,0.606896871,0.606896871,0.606896871,0.61702566,0.620644144,0.621341147,0.619724693,0.618879392,0.616743893,0.616743893,0.616743893,0.616743893,0.625523165,0.625523165,0.625953231,0.629319608,0.630713614,0.631128849,0.629986951,0.620347547,0.620347547
Summer,0.623469231,0.623469231,0.623469231,0.623469231,0.623469231,0.623469231,0.623802903,0.626005136,0.626094115,0.624952216,0.625167249,0.625723368,0.625723368,0.629341852,0.629341852,0.630113005,0.630350282,0.630350282,0.631380957,0.631380957,0.631380957,0.631047285,0.630276133,0.625886497
Fall,0.629171309,0.629171309,0.629171309,0.629171309,0.629171309,0.629171309,0.629171309,0.629838652,0.629838652,0.629838652,0.629838652,0.630268718,0.630268718,0.631380957,0.631380957,0.631380957,0.631380957,0.631380957,0.631380957,0.631380957,0.631380957,0.630268718,0.629838652,0.627999751
Summer Peak,0.629408587,0.629408587,0.629408587,0.629408587,0.629408587,0.629408587,0.629408587,0.629408587,0.629838652,0.629838652,0.630268718,0.631380957,0.631380957,0.631380957,0.631380957,0.631380957,0.631380957,0.631380957,0.631380957,0.631380957,0.631380957,0.631380957,0.631380957,0.629838652
Winter Peak,0.629838652,0.629838652,0.629838652,0.629838652,0.629838652,0.629838652,0.629838652,0.629838652,0.629838652,0.629838652,0.629838652,0.629838652,0.629838652,0.629838652,0.629838652,0.629838652,0.631380957,0.631380957,0.631380957,0.631380957,0.631380957,0.631380957,0.631380957,0.629838652
