solar thermal,Hour0,Hour1,Hour2,Hour3,Hour4,Hour5,Hour6,Hour7,Hour8,Hour9,Hour10,Hour11,Hour12,Hour13,Hour14,Hour15,Hour16,Hour17,Hour18,Hour19,Hour20,Hour21,Hour22,Hour23
Winter,0.0,0.0,0.0,0.0,0.003693694494572802,0.10388393531811999,0.3531678653023851,0.5588626443474473,0.6316786530238512,0.641546284525598,0.6352825609615163,0.6280125167794184,0.6297842455706779,0.6322733778413889,0.6143658491052458,0.5081936900496937,0.2852412235863062,0.06840313275075785,0.0035114544533243245,0.0,0.0,0.0,0.0,0.0
Spring,0.0,0.0,0.0,0.0,0.007781020551158076,0.07600552688961333,0.1923067109707581,0.38659768522243965,0.5124786804551048,0.5356392134388205,0.5307393981264314,0.521354873024814,0.5234205872712748,0.5249946517137086,0.49887538787342317,0.3604735146974833,0.17311764855969178,0.05265461454066561,0.0050018743535442944,0.0,0.0,0.0,0.0,0.0
Summer,0.0,0.0,0.0,0.0,0.004611817053441583,0.06408976382244443,0.24292495484804413,0.4720342783243359,0.5748996003835128,0.5829854547526614,0.573035301520921,0.5627457344098781,0.5661974744634412,0.5757555675024836,0.5480332576052245,0.41124265119401837,0.18482138654285904,0.04418264430664186,0.00307144786032995,0.0,0.0,0.0,0.0,0.0
Fall,0.0,0.0,0.0,0.0,0.007823861538957031,0.19058337070189302,0.43632149679043297,0.557001711934238,0.603487787294029,0.6184480114558377,0.6150080394017396,0.6106489246525962,0.6041257367387033,0.5951188815693309,0.5766641809348498,0.5320287783330071,0.4040784169934867,0.16166753791153932,0.017645805513369684,0.0,0.0,0.0,0.0,0.0
Summer Peak,0.0,0.0,0.0,0.0,0.015407284267795071,0.212278978388998,0.47898594529242855,0.607178479673568,0.6561508236360888,0.6715732204926704,0.6759483149463502,0.672910684600272,0.6547226839957684,0.6406150823636089,0.6162535892398368,0.5676288348194045,0.43713163064833005,0.17344718150219132,0.017878192534381138,0.0,0.0,0.0,0.0,0.0
Winter Peak,0.0,0.0,0.0,0.0,0.0,0.0,0.021482544959951638,0.25757140698201597,0.4230089164273839,0.45488136617802627,0.4596645005289406,0.4466374489950128,0.4496826356354843,0.4718754722683995,0.4542315248602085,0.2712860813057277,0.05019646365422396,0.00036270213087501884,0.0,0.0,0.0,0.0,0.0,0.0
