solar pv dist,Hour0,Hour1,Hour2,Hour3,Hour4,Hour5,Hour6,Hour7,Hour8,Hour9,Hour10,Hour11,Hour12,Hour13,Hour14,Hour15,Hour16,Hour17,Hour18,Hour19,Hour20,Hour21,Hour22,Hour23
Winter,0,0,0,5.329718645e-06,0.0008562341051,0.004869216149,0.1020679243,0.1855695886,0.2497350707,0.3833142162,0.4273918407,0.4427048256,0.4437679934,0.4676096015,0.4619101706,0.4206394203,0.3819567665,0.2952206662,0.1791086002,0.07705181647,0.02667875795,0.0002473507618,7.402387007e-08,0
Spring,0,0,0,2.197470801e-05,0.0007079435305,0.002366256509,0.04494842909,0.1129058151,0.1830485256,0.279821531,0.3375100978,0.3621472955,0.3657366543,0.3972814503,0.3904092051,0.3357611868,0.3055192357,0.2402483092,0.1362900436,0.05367048115,0.02318742438,0.000646185506,4.400809349e-07,0
Summer,0,0,0,1.241299435e-05,0.0004588764587,0.002021195335,0.06719942287,0.1396769763,0.2019240794,0.3163443927,0.3725277076,0.3898903127,0.390717192,0.4136813933,0.4112935698,0.3667652883,0.3344112836,0.2586780484,0.1495924519,0.05432627842,0.01845333126,0.0003485544552,2.628158412e-07,0
Fall,0,0,0,1.702549012e-05,0.001601830283,0.007317490881,0.1184466123,0.1914366465,0.2523560709,0.407986076,0.4357275854,0.4456221711,0.4451964413,0.4537727543,0.4497303571,0.4281406014,0.4075046433,0.3379767055,0.2368580633,0.1386672965,0.06522543914,0.002218264061,1.434212483e-06,0
Summer Peak,0,0,0,1.746415009e-05,0.002226590033,0.009303402239,0.1271479229,0.1973237786,0.256220912,0.4107190304,0.4396910753,0.4478686636,0.4508281242,0.462032713,0.4619414717,0.4390342985,0.4206183522,0.3496436008,0.2402378287,0.1406195544,0.06283913061,0.002381896225,1.425644905e-06,0
Winter Peak,0,0,0,0,0,2.526064566e-06,0.007488337973,0.06130253489,0.1363898041,0.1996906967,0.2735205872,0.3104462381,0.3091119949,0.3416634643,0.3225964884,0.2632375798,0.2433396489,0.1670772785,0.05809611693,0.004554013257,7.217327332e-07,0,0,0
