Unit: dimensionless (ratio of electricity demand in this hour to annual demand),Hour0,Hour1,Hour2,Hour3,Hour4,Hour5,Hour6,Hour7,Hour8,Hour9,Hour10,Hour11,Hour12,Hour13,Hour14,Hour15,Hour16,Hour17,Hour18,Hour19,Hour20,Hour21,Hour22,Hour23
Winter,0.492922003,0.48201874,0.480069926,0.48132813,0.490172096,0.508553109,0.532679258,0.54294733,0.526414708,0.5102506,0.496462061,0.486735992,0.484618629,0.483434198,0.481912845,0.48733165,0.535604597,0.595709679,0.635856273,0.639278081,0.639200072,0.618041973,0.590093911,0.550433374
Spring,0.389509373,0.37709817,0.370949928,0.371113358,0.381133108,0.424585908,0.435663192,0.41480901,0.410075873,0.400045535,0.410059283,0.418777941,0.433073715,0.448556215,0.45754208,0.4698488,0.48868816,0.522115563,0.529478063,0.547615694,0.548118341,0.518979317,0.472573822,0.416864072
Summer,0.527209271,0.497788391,0.483148459,0.483341893,0.491246927,0.502934164,0.500031415,0.507836555,0.520407483,0.538858562,0.574131179,0.603088417,0.62229223,0.637290968,0.65143249,0.664001652,0.676442858,0.682426258,0.691085085,0.6999024,0.704755728,0.693543605,0.648750885,0.600735262
Fall,0.58263187,0.561025484,0.545124347,0.54452816,0.550192816,0.555170923,0.553446958,0.558282107,0.544122584,0.550572272,0.584972847,0.623944892,0.673847028,0.696007596,0.707435038,0.721169924,0.727768571,0.744703945,0.751991966,0.75838306,0.747933731,0.732005062,0.680918671,0.607779372
Summer Peak,0.580829543,0.539850441,0.518053445,0.518813768,0.523912242,0.536191782,0.524757634,0.542421916,0.580185704,0.604074472,0.647622224,0.694829342,0.709763661,0.720386657,0.733277562,0.75015893,0.759546136,0.768556709,0.789210044,0.791917416,0.788700691,0.768549297,0.73197294,0.680904552
Winter Peak,0.5558903,0.541313552,0.539260255,0.539198131,0.544105993,0.557308582,0.580990856,0.589735634,0.570750493,0.562266569,0.555099267,0.546304719,0.540244369,0.535883629,0.536290264,0.541444509,0.586588446,0.642064169,0.666610895,0.673688892,0.673536757,0.659459479,0.626149619,0.594148969
