Unit: dimensionless (ratio of electricity demand in this hour to annual demand),Hour0,Hour1,Hour2,Hour3,Hour4,Hour5,Hour6,Hour7,Hour8,Hour9,Hour10,Hour11,Hour12,Hour13,Hour14,Hour15,Hour16,Hour17,Hour18,Hour19,Hour20,Hour21,Hour22,Hour23
Winter,0,0,0,0,0,0,0,0,0,0.083204247,0.375746814,0.496408871,0.49425029,0.480725782,0.468892625,0.480727671,0.490896554,0.445463705,0.212655534,0.014891567,0,0,0,0
Spring,0,0,0,0,0,0,0,0.007637607,0.186870446,0.480143372,0.630470921,0.673824339,0.677057119,0.674182442,0.666740313,0.666500483,0.666829839,0.648420406,0.568032932,0.306563792,0.039289445,0,0,0
Summer,0,0,0,0,0,0,0,0.024159609,0.278653961,0.51794045,0.601770965,0.631962468,0.640658777,0.639880151,0.634365698,0.625696493,0.61595298,0.597326714,0.545424007,0.404471191,0.122560631,3.28535E-06,0,0
Fall,0,0,0,0,0,0,0,0,0.05499372,0.364222061,0.552165684,0.585689617,0.578259674,0.568121852,0.563412175,0.568271739,0.569548877,0.528778333,0.355786263,0.077412378,3.22072E-05,0,0,0
Summer Peak,0,0,0,0,0,0,0,0.024074354,0.329061508,0.571074505,0.641408493,0.664001814,0.666601179,0.665361947,0.663911138,0.663382197,0.660737494,0.648375397,0.603868823,0.481215052,0.173749433,1.51126E-05,0,0
Winter Peak,0,0,0,0,0,0,0,0,0,0.019585915,0.286383558,0.439730996,0.425646063,0.418316458,0.416790086,0.433353483,0.46508992,0.421807466,0.208916427,0.006800665,0,0,0,0
