Unit: dimensionless (ratio of electricity demand in this hour to annual demand),Hour0,Hour1,Hour2,Hour3,Hour4,Hour5,Hour6,Hour7,Hour8,Hour9,Hour10,Hour11,Hour12,Hour13,Hour14,Hour15,Hour16,Hour17,Hour18,Hour19,Hour20,Hour21,Hour22,Hour23
Winter,0,0,0,0,0,0,0.013750386,0.08240242,0.155909842,0.219670467,0.293068862,0.326506204,0.331539877,0.37162175,0.358570778,0.287252225,0.252921743,0.180713315,0.071503733,0.00711285,3.76929E-06,0,0,0
Spring,0,0,0,3.04979E-06,0.00096247,0.005425962,0.106480299,0.182307734,0.247737244,0.3932616,0.435994951,0.450376922,0.450975416,0.469413364,0.467563643,0.442512,0.409192415,0.328383445,0.218531109,0.104754173,0.041566019,0.000249188,5.25825E-08,0
Summer,0,0,0,5.13994E-05,0.002443351,0.009646233,0.13021228,0.20233583,0.263994491,0.425807433,0.450436866,0.458337991,0.459193062,0.468968069,0.466536339,0.444814377,0.429547626,0.360554969,0.252912334,0.156634145,0.071340334,0.00292201,1.97184E-06,0
Fall,0,0,0,0,1.26888E-06,5.97958E-05,0.078442355,0.155238144,0.207767631,0.340141501,0.390548991,0.399213273,0.395242999,0.410127748,0.412390987,0.369557657,0.33215583,0.254139262,0.146867607,0.036350524,0.009689931,3.96524E-07,0,0
Summer Peak,0,0,0,0,0.001306149,0.005877672,0.114261457,0.176129396,0.2472202,0.412748017,0.430008538,0.420896938,0.429205498,0.414678216,0.437335068,0.388194829,0.332816517,0.294647932,0.162809092,0.09518684,0.04426153,0.000224948,0,0
Winter Peak,0,0,0,0,0,0,0.001514166,0.031320977,0.09309942,0.12760353,0.18194176,0.214704339,0.175309424,0.22423681,0.221368119,0.194040573,0.1877638,0.131930755,0.032380409,0,0,0,0,0
