Unit: dimensionless (ratio of electricity demand in this hour to annual demand),Hour0,Hour1,Hour2,Hour3,Hour4,Hour5,Hour6,Hour7,Hour8,Hour9,Hour10,Hour11,Hour12,Hour13,Hour14,Hour15,Hour16,Hour17,Hour18,Hour19,Hour20,Hour21,Hour22,Hour23
Winter,0.378101669,0.344470659,0.316033869,0.29663377,0.286257846,0.283641962,0.308148667,0.384284668,0.456040002,0.476929528,0.489833722,0.447140989,0.410305833,0.359615252,0.334219897,0.319413241,0.318587172,0.338350241,0.368088715,0.397839705,0.440282115,0.451183719,0.447679185,0.420193626
Spring,0.457479364,0.418078389,0.376962695,0.36646161,0.358301052,0.346861252,0.355046842,0.365159926,0.399404229,0.406050328,0.38802701,0.37438436,0.393696845,0.410956675,0.429493157,0.463524685,0.494539811,0.526681394,0.533390073,0.534491498,0.540374109,0.534366336,0.512513064,0.493450902
Summer,0.37103002,0.317573361,0.285607004,0.25875977,0.230373045,0.211761466,0.208644934,0.222838297,0.234553454,0.251713154,0.261250493,0.288748568,0.316046385,0.366699417,0.423585514,0.465264436,0.50161146,0.53681951,0.552214427,0.532213551,0.499183318,0.459244147,0.418416326,0.387301071
Fall,0.289712315,0.267295814,0.243590145,0.231324276,0.215616454,0.234353194,0.265806387,0.318161622,0.329714068,0.296521124,0.317022648,0.310827133,0.292190521,0.282690731,0.27135106,0.280800786,0.312153849,0.356523753,0.382970468,0.414511274,0.437290745,0.416263541,0.366949741,0.336097326
Summer Peak,0.350065397,0.309713191,0.263027792,0.217030784,0.192786918,0.181747636,0.179382076,0.192536594,0.216542652,0.249222432,0.282152535,0.313468049,0.379566064,0.437390874,0.49164857,0.553240755,0.602028875,0.644546382,0.670329739,0.665373327,0.612267121,0.539147522,0.477142303,0.429355479
Winter Peak,0.445726659,0.416889351,0.372319188,0.365109861,0.370329113,0.379954066,0.414911792,0.455426708,0.513088809,0.5075942,0.501411201,0.472986927,0.442685224,0.401093915,0.377125406,0.353282059,0.338225079,0.377751216,0.414648952,0.471635178,0.47968309,0.489746109,0.473950674,0.425262684
