Unit: dimensionless (ratio of electricity demand in this hour to annual demand),Hour0,Hour1,Hour2,Hour3,Hour4,Hour5,Hour6,Hour7,Hour8,Hour9,Hour10,Hour11,Hour12,Hour13,Hour14,Hour15,Hour16,Hour17,Hour18,Hour19,Hour20,Hour21,Hour22,Hour23
Winter,0.871844444,0.876045981,0.876300311,0.875608533,0.876870011,0.878192529,0.879138638,0.879901629,0.880684967,0.881030856,0.880847738,0.871264571,0.870979721,0.870562619,0.871305263,0.872851592,0.875516974,0.878121317,0.879504874,0.879901629,0.880145786,0.880216999,0.879281063,0.876727586
Spring,0.868060008,0.877256594,0.876442736,0.875913729,0.877063303,0.879250544,0.88123432,0.882109217,0.884418536,0.885415511,0.886412486,0.888091067,0.888742152,0.888650593,0.887470501,0.886626124,0.876290138,0.876880185,0.87696157,0.877500751,0.877063303,0.877643176,0.878629978,0.872668474
Summer,0.948784462,0.949059138,0.949405028,0.949099831,0.949486413,0.949567799,0.949710224,0.950157845,0.950524081,0.949781437,0.947116054,0.944532058,0.943616469,0.942202392,0.939801514,0.937522714,0.936505392,0.937522714,0.93779739,0.937217517,0.935060796,0.932812516,0.930198,0.910950279
Fall,0.932395414,0.933321176,0.933361869,0.932893901,0.933606026,0.935762748,0.937146305,0.938387437,0.935661015,0.929821591,0.925080873,0.924399267,0.924022859,0.922344278,0.921479555,0.920594485,0.920279116,0.920279116,0.920258769,0.920808123,0.921520248,0.923687143,0.9262101,0.928417687
Summer Peak,0.937817737,0.939028349,0.938957137,0.939323373,0.94042208,0.941327496,0.942507588,0.944216688,0.944521885,0.944023397,0.94295521,0.941897196,0.940686583,0.940879874,0.940971433,0.941663212,0.941520787,0.941744597,0.942029447,0.942711053,0.943229887,0.943911492,0.941510614,0.941001953
Winter Peak,0.958835597,0.957716543,0.955590342,0.955295319,0.954756138,0.95317929,0.954216958,0.954257651,0.954094879,0.954094879,0.953921935,0.95346414,0.953901588,0.954491635,0.95428817,0.954552674,0.95517324,0.95628212,0.956729742,0.957380827,0.957370654,0.958357456,0.959150967,0.959924131
