Unit: dimensionless (ratio of electricity demand in this hour to annual demand),Hour0,Hour1,Hour2,Hour3,Hour4,Hour5,Hour6,Hour7,Hour8,Hour9,Hour10,Hour11,Hour12,Hour13,Hour14,Hour15,Hour16,Hour17,Hour18,Hour19,Hour20,Hour21,Hour22,Hour23
Winter,0.760162308,0.721181244,0.72619477,0.735743913,0.75779982,0.781839495,0.782596934,0.774391344,0.75458972,0.755193868,0.748575293,0.732254283,0.713092876,0.684192967,0.682732191,0.733092876,0.775473399,0.795680794,0.798070334,0.79993688,0.799278629,0.799341749,0.79915239,0.797285843
Spring,0.699260595,0.704598738,0.705392245,0.688548242,0.658827773,0.605843102,0.579765555,0.524310189,0.488854824,0.429576195,0.386907124,0.351884581,0.318178539,0.295545537,0.276952209,0.256934175,0.24503156,0.237709648,0.207989179,0.156176736,0.137078449,0.116609558,0.091307484,0.05839495
Summer,0.053047791,0.056014427,0.05981064,0.060865645,0.064661858,0.061235347,0.068025248,0.068656447,0.073165014,0.072858431,0.078079351,0.086059513,0.101109107,0.136348061,0.154797115,0.142425609,0.12889991,0.112470694,0.111064022,0.112542831,0.105662759,0.102209197,0.073651939,0.073669973
Fall,0.245626691,0.24367899,0.217330929,0.204382326,0.150207394,0.110477908,0.115166817,0.107339946,0.108277728,0.096591524,0.106330027,0.101514878,0.102921551,0.118016231,0.131740307,0.184111812,0.26528404,0.334896303,0.402903517,0.163155996,0.071055005,0.073832281,0.064400361,0.054697926
Summer Peak,0.040577096,0.04981064,0.064472498,0.068061317,0.071884581,0.060234445,0.071397656,0.069756537,0.07386835,0.079098287,0.095076646,0.110928765,0.129702435,0.179404869,0.215671776,0.202182146,0.187772768,0.153002705,0.146834986,0.146023445,0.126853021,0.116735798,0.071974752,0.075635708
Winter Peak,0.72625789,0.643480613,0.653219116,0.672696123,0.716591524,0.763877367,0.765103697,0.748566276,0.709630298,0.716357078,0.708061317,0.682272317,0.669125338,0.630279531,0.624111812,0.697835888,0.758268711,0.791938683,0.795617674,0.798990081,0.797908025,0.798611362,0.798954013,0.796158702
