onshore wind,Hour0,Hour1,Hour2,Hour3,Hour4,Hour5,Hour6,Hour7,Hour8,Hour9,Hour10,Hour11,Hour12,Hour13,Hour14,Hour15,Hour16,Hour17,Hour18,Hour19,Hour20,Hour21,Hour22,Hour23
Winter,0.4907269918,0.4874294728,0.4829258676,0.4778999406,0.4744656928,0.470420464,0.4617493471,0.4381924541,0.3969469176,0.350842858,0.3271597854,0.3233249363,0.3275419799,0.3338456839,0.3413312825,0.3487832896,0.3571500649,0.367892376,0.3932833451,0.4267656796,0.4541755873,0.4658947804,0.468607888,0.4664926896
Spring,0.442202323,0.4387155406,0.4347012286,0.4288155799,0.4229108337,0.4166846048,0.405088855,0.3819445464,0.3412542561,0.3024112918,0.2814368167,0.2785431114,0.2847351713,0.2935150033,0.3036800128,0.3146767315,0.3277030312,0.3469065826,0.3793031676,0.4189326875,0.4462123457,0.4579164148,0.460617885,0.4584629853
Summer,0.3978151826,0.3911066121,0.3836178261,0.3747866583,0.3669595485,0.3576401925,0.3422145458,0.3103424394,0.2744949056,0.2477451693,0.2236742019,0.2130355117,0.2140884875,0.2203248417,0.2293630707,0.2410605391,0.2569188968,0.2803035766,0.3142456125,0.3499677299,0.3817373363,0.398497707,0.4021322288,0.399481658
Fall,0.3913290997,0.3831139625,0.3725711435,0.3598547876,0.3463781163,0.3294914154,0.2960995044,0.2191669399,0.157005851,0.14294722,0.1398642707,0.1392085124,0.1436149759,0.1538916826,0.1691478143,0.1867014869,0.2046477068,0.2239590403,0.2540938317,0.3025123918,0.3596014178,0.3917545031,0.4033811794,0.4020718878
Summer Peak,0.3716083435,0.3671367071,0.3590591666,0.34480548,0.3292639102,0.3135120891,0.2856822516,0.2085473691,0.133129605,0.114598761,0.1037742321,0.09692389213,0.1005804097,0.1136439648,0.1300428909,0.1496441492,0.1698038497,0.1887200428,0.214992667,0.2618992709,0.3242619007,0.3615119637,0.373138869,0.3728558162
Winter Peak,0.341388615,0.3335271311,0.326624079,0.3224159182,0.320307868,0.3223121649,0.3168400463,0.3131890757,0.3096713622,0.2841413762,0.2193589105,0.1966397234,0.1897185868,0.1887743678,0.1811015709,0.1889824625,0.2106977859,0.2347033771,0.2738968982,0.2978346601,0.3121523265,0.3153347162,0.314960822,0.3102505577
