Unit: dimensionless (ratio of electricity demand in this hour to annual demand),Hour0,Hour1,Hour2,Hour3,Hour4,Hour5,Hour6,Hour7,Hour8,Hour9,Hour10,Hour11,Hour12,Hour13,Hour14,Hour15,Hour16,Hour17,Hour18,Hour19,Hour20,Hour21,Hour22,Hour23
Winter,0.005125492,0,0,0,0,0,0,0.004618146,0.011146428,0.02905096,0,0,0,0,0,0,0,0.102999844,0.269803826,0.200035124,0.16206442,0.094086604,0.070590429,0.068151267
Spring,0.179769483,0.136051029,0.12406553,0.013524882,0.020883562,0,0.05203979,0.057859088,0,0,0,0,0,0.000177788,0.000177788,0.001734515,0.001886285,0.069593083,0.415355662,0.486960783,0.397884759,0.223882539,0.178975942,0.15863008
Summer,0.085116993,0.033675611,8.88939E-05,0.02458892,0.006688724,1.73452E-05,0,0,0,0,0,0.006790627,0.226358559,0.295275181,0.311930862,0.322494059,0.324547292,0.378187172,0.624082875,0.519276967,0.439285466,0.347052625,0.14893414,0.123232963
Fall,0.04695766,0,0,0,0,0,0,0,0,0,0,0,0,0.0893839,0.40657468,0.502853277,0.577975127,0.592865939,0.613463306,0.557993513,0.526191178,0.188368342,0.109252771,0.023741176
Summer Peak,0.041654381,0,0,0,0,0,0,0,0,0,0,0.013581253,0.452717118,0.590463636,0.623683937,0.643756613,0.645772987,0.645595199,0.705128094,0.715582884,0.685033736,0.541081991,0.136393596,0.089184431
Winter Peak,0,0,0,0,0,0,0,0,0.000177788,0,0,0,0,0,0,0,0,0.201104019,0.351443117,0.296237837,0.202426587,0.068912286,0.066028654,0.058284044
