Unit: dimensionless (ratio of electricity demand in this hour to annual demand),Hour0,Hour1,Hour2,Hour3,Hour4,Hour5,Hour6,Hour7,Hour8,Hour9,Hour10,Hour11,Hour12,Hour13,Hour14,Hour15,Hour16,Hour17,Hour18,Hour19,Hour20,Hour21,Hour22,Hour23
Winter,0.435451303,0.419983435,0.412256464,0.411061673,0.420101811,0.459757953,0.53043165,0.553923011,0.524939907,0.502347686,0.510914318,0.508795726,0.503723813,0.487558162,0.477026131,0.495164145,0.570112163,0.657787692,0.675659648,0.672165219,0.668935686,0.646380023,0.60896259,0.574650801
Spring,0.307065269,0.299911612,0.289561789,0.289403953,0.295224714,0.30315072,0.318734063,0.33945344,0.334268663,0.353161907,0.383947932,0.423182213,0.445691164,0.48008071,0.496909908,0.511457457,0.536629881,0.542038644,0.557178656,0.585309332,0.582622069,0.549682635,0.460381461,0.363817537
Summer,0.536284616,0.503940837,0.491528418,0.490644946,0.497718235,0.515487772,0.526873971,0.552397752,0.600348956,0.639896876,0.700041444,0.764608594,0.800217013,0.820537449,0.825203167,0.828806108,0.835281711,0.837721777,0.841865246,0.84482611,0.834656753,0.808011006,0.728910233,0.631560614
Fall,0.130060423,0.125110659,0.124298271,0.125046828,0.124489182,0.12576173,0.140046993,0.151393153,0.162684186,0.157606761,0.166704926,0.17584023,0.185861617,0.192663626,0.207530327,0.22453825,0.252699101,0.271714204,0.280011587,0.282411033,0.278987398,0.268111263,0.200988862,0.135528375
Summer Peak,0.556468397,0.519200676,0.499814776,0.496861165,0.508614679,0.532878389,0.535431608,0.583975855,0.633409667,0.687705622,0.763189237,0.822040367,0.84187424,0.851109932,0.855288508,0.857655458,0.862339456,0.862740427,0.863287628,0.866169285,0.863505813,0.85010141,0.80720442,0.69751985
Winter Peak,0.530670434,0.508871162,0.49341722,0.491694958,0.503443829,0.535587123,0.597880457,0.617004652,0.573567424,0.574120428,0.602386309,0.596572512,0.579926101,0.557200126,0.545034035,0.567775677,0.648051221,0.697382324,0.707414736,0.70357214,0.701266699,0.699347723,0.674356346,0.64296219
