Unit: dimensionless (ratio of electricity demand in this hour to annual demand),Hour0,Hour1,Hour2,Hour3,Hour4,Hour5,Hour6,Hour7,Hour8,Hour9,Hour10,Hour11,Hour12,Hour13,Hour14,Hour15,Hour16,Hour17,Hour18,Hour19,Hour20,Hour21,Hour22,Hour23
Winter,0.611648531,0.611648531,0.611648531,0.611299361,0.611299361,0.611648531,0.611878834,0.620102892,0.62323056,0.62323056,0.623104265,0.618728501,0.618728501,0.618728501,0.618728501,0.618728501,0.627524603,0.627524603,0.632026662,0.632026662,0.632026662,0.632026662,0.632026662,0.62323056
Spring,0.623126552,0.623126552,0.623126552,0.623126552,0.623126552,0.623126552,0.623126552,0.623126552,0.621729874,0.621729874,0.621729874,0.621729874,0.621729874,0.628980715,0.628980715,0.630525976,0.630525976,0.631194598,0.632591277,0.632591277,0.632591277,0.632591277,0.631046016,0.623631734
Summer,0.628022356,0.628022356,0.628022356,0.628022356,0.628022356,0.628022356,0.628022356,0.631046016,0.631046016,0.631046016,0.631261461,0.631818646,0.632034091,0.632591277,0.632591277,0.632591277,0.632591277,0.632591277,0.632591277,0.632591277,0.632591277,0.632034091,0.631261461,0.631046016
Fall,0.623795175,0.623795175,0.623795175,0.623795175,0.623795175,0.623795175,0.623795175,0.623795175,0.623795175,0.612844623,0.612844623,0.612844623,0.612844623,0.612844623,0.612844623,0.620526353,0.620526353,0.631476906,0.631476906,0.631476906,0.631476906,0.631476906,0.623795175,0.623795175
Summer Peak,0.631046016,0.631046016,0.631046016,0.631046016,0.631046016,0.631046016,0.631046016,0.631046016,0.631046016,0.631046016,0.631476906,0.632591277,0.632591277,0.632591277,0.632591277,0.632591277,0.632591277,0.632591277,0.632591277,0.632591277,0.632591277,0.632591277,0.631476906,0.631046016
Winter Peak,0.61088333,0.61088333,0.61088333,0.61088333,0.61088333,0.611581669,0.612042275,0.617539839,0.623795175,0.623795175,0.623795175,0.623795175,0.623795175,0.623795175,0.623795175,0.623795175,0.632591277,0.632591277,0.632591277,0.632591277,0.632591277,0.632591277,0.632591277,0.623795175
